-- DDL Drop All Tables
DROP TABLE IF EXISTS General_Person;
DROP TABLE IF EXISTS General_City;
DROP TABLE IF EXISTS General_State;
DROP TABLE IF EXISTS General_Country;
DROP TABLE IF EXISTS General_ValueList;
-- DDL Table General_ValueList
CREATE TABLE General_ValueList (
    ValueListCode nvarchar(50) NOT NULL,
    ValueListCategory nvarchar(20) NOT NULL,
    ListOrder int DEFAULT 1,
    ShortDescription nvarchar(45) NOT NULL,
    LongDescription nvarchar(90),
    CreationDate datetime DEFAULT current_timestamp NOT NULL,
    CreatedBy nvarchar(30) DEFAULT 'SYSTEM' NOT NULL,
    ModificationDate datetime DEFAULT current_timestamp NOT NULL,
    ModifiedBy nvarchar(30) DEFAULT 'SYSTEM' NOT NULL,
    RowStatus nchar(1) DEFAULT 'A' NOT NULL,
    CONSTRAINT PK_General_ValueList PRIMARY KEY (ValueListCode),
    CONSTRAINT CK_General_ValueList_001 CHECK (RowStatus IN ('A', 'I'))
);
-- DML Table General_ValueList
INSERT INTO General_ValueList (ValueListCode, ValueListCategory, ListOrder, ShortDescription, LongDescription)
     VALUES ('Gen-Sex-Female', 'Gen-Sex', 1, 'Female', 'Female Sex')
           ,('Gen-Sex-Male', 'Gen-Sex', 2, 'Male', 'Male Sex')
           ,('Gen-Sex-NoInform', 'Gen-Sex', 3, 'No Inform', 'No Inform Sex')
           ,('Gen-Document-Id', 'Gen-Document', 1, 'Id', 'Document Id')
           ,('Gen-Document-Passport', 'Gen-Document', 2, 'Passport', 'Document Passport');
-- DDL Table General_Country
CREATE TABLE General_Country (
    CountryCode nvarchar(3) NOT NULL,
    CountryName nvarchar(150) NOT NULL,
    Alfa2Code nvarchar(2) NOT NULL,
    NumberCode nvarchar(3),
    InternetCode nvarchar(10),
    CreationDate datetime DEFAULT current_timestamp NOT NULL,
    CreatedBy nvarchar(30) DEFAULT 'SYSTEM' NOT NULL,
    ModificationDate datetime DEFAULT current_timestamp NOT NULL,
    ModifiedBy nvarchar(30) DEFAULT 'SYSTEM' NOT NULL,
    RowStatus nchar(1) DEFAULT 'A' NOT NULL,
    CONSTRAINT PK_General_Country PRIMARY KEY (CountryCode),
    CONSTRAINT CK_General_Country_001 CHECK (RowStatus IN ('A', 'I'))
);
-- DML Table General_Country
INSERT INTO General_Country (CountryCode, CountryName, Alfa2Code, NumberCode, InternetCode)
     VALUES ('AFG', 'The Islamic Republic of Afghanistan', 'AF', '004', '.af'),
            ('ALA', 'Åland', 'AX', '248', '.ax'),
            ('ALB', 'The Republic of Albania', 'AL', '008', '.al'),
            ('DZA', 'The Democratic Republic of Algeria', 'DZ', '012', '.dz'),
            ('ASM', 'The Territory of American Samoa', 'AS', '016', '.as'),
            ('AND', 'The Principality of Andorra', 'AD', '020', '.ad'),
            ('AGO', 'The Republic of Angola', 'AO', '024', '.ao'),
            ('AIA', 'Anguilla', 'AI', '660', '.ai'),
            ('ATA', 'All land and ice shelves south of the 60th parallel south', 'AQ', '010', '.aq'),
            ('ATG', 'Antigua and Barbuda', 'AG', '028', '.ag'),
            ('ARG', 'The Argentine Republic', 'AR', '032', '.ar'),
            ('ARM', 'The Republic of Armenia', 'AM', '051', '.am'),
            ('ABW', 'Aruba', 'AW', '533', '.aw'),
            ('AUS', 'The Commonwealth of Australia', 'AU', '036', '.au'),
            ('AUT', 'The Republic of Austria', 'AT', '040', '.at'),
            ('AZE', 'The Republic of Azerbaijan', 'AZ', '031', '.az'),
            ('BHS', 'The Commonwealth of The Bahamas', 'BS', '044', '.bs'),
            ('BHR', 'The Kingdom of Bahrain', 'BH', '048', '.bh'),
            ('BGD', 'The Republic of Bangladesh', 'BD', '050', '.bd'),
            ('BRB', 'Barbados', 'BB', '052', '.bb'),
            ('BLR', 'The Republic of Belarus', 'BY', '112', '.by'),
            ('BEL', 'The Kingdom of Belgium', 'BE', '056', '.be'),
            ('BLZ', 'Belize', 'BZ', '084', '.bz'),
            ('BEN', 'The Republic of Benin', 'BJ', '204', '.bj'),
            ('BMU', 'Bermuda', 'BM', '060', '.bm'),
            ('BTN', 'The Kingdom of Bhutan', 'BT', '064', '.bt'),
            ('BOL', 'The Plurinational General_State of Bolivia', 'BO', '068', '.bo'),
            ('BES', 'Bonaire, Sint Eustatius and Saba', 'BQ', '535', '.bq .nl'),
            ('BIH', 'Bosnia and Herzegovina', 'BA', '070', '.ba'),
            ('BWA', 'The Republic of Botswana', 'BW', '072', '.bw'),
            ('BVT', 'Bouvet Island', 'BV', '074', '[d]'),
            ('BRA', 'The Federative Republic of Brazil', 'BR', '076', '.br'),
            ('IOT', 'The British Indian Ocean Territory', 'IO', '086', '.io'),
            ('BRN', 'The Nation of Brunei, the Abode of Peace', 'BN', '096', '.bn'),
            ('BGR', 'The Republic of Bulgaria', 'BG', '100', '.bg'),
            ('BFA', 'Burkina Faso', 'BF', '854', '.bf'),
            ('BDI', 'The Republic of Burundi', 'BI', '108', '.bi'),
            ('CPV', 'The Republic of Cabo Verde', 'CV', '132', '.cv'),
            ('KHM', 'The Kingdom of Cambodia', 'KH', '116', '.kh'),
            ('CMR', 'The Republic of Cameroon', 'CM', '120', '.cm'),
            ('CAN', 'Canada', 'CA', '124', '.ca'),
            ('CYM', 'The Cayman Islands', 'KY', '136', '.ky'),
            ('CAF', 'The Central African Republic', 'CF', '140', '.cf'),
            ('TCD', 'The Republic of Chad', 'TD', '148', '.td'),
            ('CHL', 'The Republic of Chile', 'CL', '152', '.cl'),
            ('CHN', 'The Republic of China', 'CN', '156', '.cn'),
            ('CXR', 'The Territory of Christmas Island', 'CX', '162', '.cx'),
            ('CCK', 'The Territory of Cocos (Keeling) Islands', 'CC', '166', '.cc'),
            ('COL', 'The Republic of Colombia', 'CO', '170', '.co'),
            ('COM', 'The Union of the Comoros', 'KM', '174', '.km'),
            ('COD', 'The Democratic Republic of the Congo', 'CD', '180', '.cd'),
            ('COG', 'The Republic of the Congo', 'CG', '178', '.cg'),
            ('COK', 'The Cook Islands', 'CK', '184', '.ck'),
            ('CRI', 'The Republic of Costa Rica', 'CR', '188', '.cr'),
            ('CIV', 'The Republic of Côte d''Ivoire', 'CI', '384', '.ci'),
            ('HRV', 'The Republic of Croatia', 'HR', '191', '.hr'),
            ('CUB', 'The Republic of Cuba', 'CU', '192', '.cu'),
            ('CUW', 'The General_Country of Curaçao', 'CW', '531', '.cw'),
            ('CYP', 'The Republic of Cyprus', 'CY', '196', '.cy'),
            ('CZE', 'The Czech Republic', 'CZ', '203', '.cz'),
            ('DNK', 'The Kingdom of Denmark', 'DK', '208', '.dk'),
            ('DJI', 'The Republic of Djibouti', 'DJ', '262', '.dj'),
            ('DMA', 'The Commonwealth of Dominica', 'DM', '212', '.dm'),
            ('DOM', 'The Dominican Republic', 'DO', '214', '.do'),
            ('ECU', 'The Republic of Ecuador', 'EC', '218', '.ec'),
            ('EGY', 'The Arab Republic of Egypt', 'EG', '818', '.eg'),
            ('SLV', 'The Republic of El Salvador', 'SV', '222', '.sv'),
            ('GNQ', 'The Republic of Equatorial Guinea', 'GQ', '226', '.gq'),
            ('ERI', 'The General_State of Eritrea', 'ER', '232', '.er'),
            ('EST', 'The Republic of Estonia', 'EE', '233', '.ee'),
            ('SWZ', 'The Kingdom of Eswatini', 'SZ', '748', '.sz'),
            ('ETH', 'The Federal Democratic Republic of Ethiopia', 'ET', '231', '.et'),
            ('FLK', 'The Falkland Islands', 'FK', '238', '.fk'),
            ('FRO', 'The Faroe Islands', 'FO', '234', '.fo'),
            ('FJI', 'The Republic of Fiji', 'FJ', '242', '.fj'),
            ('FIN', 'The Republic of Finland', 'FI', '246', '.fi'),
            ('FRA', 'The French Republic', 'FR', '250', '.fr'),
            ('GUF', 'Guyane', 'GF', '254', '.gf'),
            ('PYF', 'French Polynesia', 'PF', '258', '.pf'),
            ('ATF', 'The French Southern and Antarctic Lands', 'TF', '260', '.tf'),
            ('GAB', 'The Gabonese Republic', 'GA', '266', '.ga'),
            ('GMB', 'The Republic of The Gambia', 'GM', '270', '.gm'),
            ('GEO', 'Georgia', 'GE', '268', '.ge'),
            ('DEU', 'The Federal Republic of Germany', 'DE', '276', '.de'),
            ('GHA', 'The Republic of Ghana', 'GH', '288', '.gh'),
            ('GIB', 'Gibraltar', 'GI', '292', '.gi'),
            ('GRC', 'The Hellenic Republic', 'GR', '300', '.gr'),
            ('GRL', 'Kalaallit Nunaat', 'GL', '304', '.gl'),
            ('GRD', 'Grenada', 'GD', '308', '.gd'),
            ('GLP', 'Guadeloupe', 'GP', '312', '.gp'),
            ('GUM', 'The Territory of Guam', 'GU', '316', '.gu'),
            ('GTM', 'The Republic of Guatemala', 'GT', '320', '.gt'),
            ('GGY', 'The Bailiwick of Guernsey', 'GG', '831', '.gg'),
            ('GIN', 'The Republic of Guinea', 'GN', '324', '.gn'),
            ('GNB', 'The Republic of Guinea-Bissau', 'GW', '624', '.gw'),
            ('GUY', 'The Co-operative Republic of Guyana', 'GY', '328', '.gy'),
            ('HTI', 'The Republic of Haiti', 'HT', '332', '.ht'),
            ('HMD', 'The Territory of Heard Island and McDonald Islands', 'HM', '334', '.hm'),
            ('VAT', 'The Holy See', 'VA', '336', '.va'),
            ('HND', 'The Republic of Honduras', 'HN', '340', '.hn'),
            ('HKG', 'The Hong Kong Special Administrative Region of China', 'HK', '344', '.hk'),
            ('HUN', 'Hungary', 'HU', '348', '.hu'),
            ('ISL', 'Iceland', 'IS', '352', '.is'),
            ('IND', 'The Republic of India', 'IN', '356', '.in'),
            ('IDN', 'The Republic of Indonesia', 'ID', '360', '.id'),
            ('IRN', 'The Islamic Republic of Iran', 'IR', '364', '.ir'),
            ('IRQ', 'The Republic of Iraq', 'IQ', '368', '.iq'),
            ('IRL', 'Ireland', 'IE', '372', '.ie'),
            ('IMN', 'The Isle of Man', 'IM', '833', '.im'),
            ('ISR', 'The General_State of Israel', 'IL', '376', '.il'),
            ('ITA', 'The Italian Republic', 'IT', '380', '.it'),
            ('JAM', 'Jamaica', 'JM', '388', '.jm'),
            ('JPN', 'Japan', 'JP', '392', '.jp'),
            ('JEY', 'The Bailiwick of Jersey', 'JE', '832', '.je'),
            ('JOR', 'The Hashemite Kingdom of Jordan', 'JO', '400', '.jo'),
            ('KAZ', 'The Republic of Kazakhstan', 'KZ', '398', '.kz'),
            ('KEN', 'The Republic of Kenya', 'KE', '404', '.ke'),
            ('KIR', 'The Republic of Kiribati', 'KI', '296', '.ki'),
            ('PRK', 'The Democratic Republic of Korea', 'KP', '408', '.kp'),
            ('KOR', 'The Republic of Korea', 'KR', '410', '.kr'),
            ('KWT', 'The General_State of Kuwait', 'KW', '414', '.kw'),
            ('KGZ', 'The Kyrgyz Republic', 'KG', '417', '.kg'),
            ('LAO', 'The Lao Democratic Republic', 'LA', '418', '.la'),
            ('LVA', 'The Republic of Latvia', 'LV', '428', '.lv'),
            ('LBN', 'The Lebanese Republic', 'LB', '422', '.lb'),
            ('LSO', 'The Kingdom of Lesotho', 'LS', '426', '.ls'),
            ('LBR', 'The Republic of Liberia', 'LR', '430', '.lr'),
            ('LBY', 'The General_State of Libya', 'LY', '434', '.ly'),
            ('LIE', 'The Principality of Liechtenstein', 'LI', '438', '.li'),
            ('LTU', 'The Republic of Lithuania', 'LT', '440', '.lt'),
            ('LUX', 'The Grand Duchy of Luxembourg', 'LU', '442', '.lu'),
            ('MAC', 'Macao Special Administrative Region of China[11]', 'MO', '446', '.mo'),
            ('MKD', 'Republic of North Macedonia[12]', 'MK', '807', '.mk'),
            ('MDG', 'The Republic of Madagascar', 'MG', '450', '.mg'),
            ('MWI', 'The Republic of Malawi', 'MW', '454', '.mw'),
            ('MYS', 'Malaysia', 'MY', '458', '.my'),
            ('MDV', 'The Republic of Maldives', 'MV', '462', '.mv'),
            ('MLI', 'The Republic of Mali', 'ML', '466', '.ml'),
            ('MLT', 'The Republic of Malta', 'MT', '470', '.mt'),
            ('MHL', 'The Republic of the Marshall Islands', 'MH', '584', '.mh'),
            ('MTQ', 'Martinique', 'MQ', '474', '.mq'),
            ('MRT', 'The Islamic Republic of Mauritania', 'MR', '478', '.mr'),
            ('MUS', 'The Republic of Mauritius', 'MU', '480', '.mu'),
            ('MYT', 'The Department of Mayotte', 'YT', '175', '.yt'),
            ('MEX', 'The United Mexican States', 'MX', '484', '.mx'),
            ('FSM', 'The Federated States of Micronesia', 'FM', '583', '.fm'),
            ('MDA', 'The Republic of Moldova', 'MD', '498', '.md'),
            ('MCO', 'The Principality of Monaco', 'MC', '492', '.mc'),
            ('MNG', 'The General_State of Mongolia', 'MN', '496', '.mn'),
            ('MNE', 'Montenegro', 'ME', '499', '.me'),
            ('MSR', 'Montserrat', 'MS', '500', '.ms'),
            ('MAR', 'The Kingdom of Morocco', 'MA', '504', '.ma'),
            ('MOZ', 'The Republic of Mozambique', 'MZ', '508', '.mz'),
            ('MMR', 'The Republic of the Union of Myanmar', 'MM', '104', '.mm'),
            ('NAM', 'The Republic of Namibia', 'NA', '516', '.na'),
            ('NRU', 'The Republic of Nauru', 'NR', '520', '.nr'),
            ('NPL', 'The Federal Democratic Republic of Nepal', 'NP', '524', '.np'),
            ('NLD', 'The Kingdom of the Netherlands', 'NL', '528', '.nl'),
            ('NCL', 'New Caledonia', 'NC', '540', '.nc'),
            ('NZL', 'New Zealand', 'NZ', '554', '.nz'),
            ('NIC', 'The Republic of Nicaragua', 'NI', '558', '.ni'),
            ('NER', 'The Republic of the Niger', 'NE', '562', '.ne'),
            ('NGA', 'The Federal Republic of Nigeria', 'NG', '566', '.ng'),
            ('NIU', 'Niue', 'NU', '570', '.nu'),
            ('NFK', 'The Territory of Norfolk Island', 'NF', '574', '.nf'),
            ('MNP', 'The Commonwealth of the Northern Mariana Islands', 'MP', '580', '.mp'),
            ('NOR', 'The Kingdom of Norway', 'NO', '578', '.no'),
            ('OMN', 'The Sultanate of Oman', 'OM', '512', '.om'),
            ('PAK', 'The Islamic Republic of Pakistan', 'PK', '586', '.pk'),
            ('PLW', 'The Republic of Palau', 'PW', '585', '.pw'),
            ('PSE', 'The General_State of Palestine', 'PS', '275', '.ps'),
            ('PAN', 'The Republic of Panamá', 'PA', '591', '.pa'),
            ('PNG', 'The Independent General_State of Papua New Guinea', 'PG', '598', '.pg'),
            ('PRY', 'The Republic of Paraguay', 'PY', '600', '.py'),
            ('PER', 'The Republic of Perú', 'PE', '604', '.pe'),
            ('PHL', 'The Republic of the Philippines', 'PH', '608', '.ph'),
            ('PCN', 'The Pitcairn, Henderson, Ducie and Oeno Islands', 'PN', '612', '.pn'),
            ('POL', 'The Republic of Poland', 'PL', '616', '.pl'),
            ('PRT', 'The Portuguese Republic', 'PT', '620', '.pt'),
            ('PRI', 'The Commonwealth of Puerto Rico', 'PR', '630', '.pr'),
            ('QAT', 'The General_State of Qatar', 'QA', '634', '.qa'),
            ('REU', 'Réunion', 'RE', '638', '.re'),
            ('ROU', 'Romania', 'RO', '642', '.ro'),
            ('RUS', 'The Russian Federation', 'RU', '643', '.ru'),
            ('RWA', 'The Republic of Rwanda', 'RW', '646', '.rw'),
            ('BLM', 'The Collectivity of Saint-Barthélemy', 'BL', '652', '.bl'),
            ('SHN', 'Saint Helena, Ascension and Tristan da Cunha', 'SH', '654', '.sh'),
            ('KNA', 'Saint Kitts and Nevis', 'KN', '659', '.kn'),
            ('LCA', 'Saint Lucia', 'LC', '662', '.lc'),
            ('MAF', 'The Collectivity of Saint-Martin', 'MF', '663', '.mf'),
            ('SPM', 'The Overseas Collectivity of Saint-Pierre and Miquelon', 'PM', '666', '.pm'),
            ('VCT', 'Saint Vincent and the Grenadines', 'VC', '670', '.vc'),
            ('WSM', 'The Independent General_State of Samoa', 'WS', '882', '.ws'),
            ('SMR', 'The Republic of San Marino', 'SM', '674', '.sm'),
            ('STP', 'The Democratic Republic of São Tomé and Príncipe', 'ST', '678', '.st'),
            ('SAU', 'The Kingdom of Saudi Arabia', 'SA', '682', '.sa'),
            ('SEN', 'The Republic of Senegal', 'SN', '686', '.sn'),
            ('SRB', 'The Republic of Serbia', 'RS', '688', '.rs'),
            ('SYC', 'The Republic of Seychelles', 'SC', '690', '.sc'),
            ('SLE', 'The Republic of Sierra Leone', 'SL', '694', '.sl'),
            ('SGP', 'The Republic of Singapore', 'SG', '702', '.sg'),
            ('SXM', 'Sint Maarten', 'SX', '534', '.sx'),
            ('SVK', 'The Slovak Republic', 'SK', '703', '.sk'),
            ('SVN', 'The Republic of Slovenia', 'SI', '705', '.si'),
            ('SLB', 'The Solomon Islands', 'SB', '090', '.sb'),
            ('SOM', 'The Federal Republic of Somalia', 'SO', '706', '.so'),
            ('ZAF', 'The Republic of South Africa', 'ZA', '710', '.za'),
            ('SGS', 'South Georgia and the South Sandwich Islands', 'GS', '239', '.gs'),
            ('SSD', 'The Republic of South Sudan', 'SS', '728', '.ss'),
            ('ESP', 'The Kingdom of Spain', 'ES', '724', '.es'),
            ('LKA', 'The Democratic Socialist Republic of Sri Lanka', 'LK', '144', '.lk'),
            ('SDN', 'The Republic of the Sudan', 'SD', '729', '.sd'),
            ('SUR', 'The Republic of Suriname', 'SR', '740', '.sr'),
            ('SJM', 'Svalbard and Jan Mayen', 'SJ', '744', '[w]'),
            ('SWE', 'The Kingdom of Sweden', 'SE', '752', '.se'),
            ('CHE', 'The Swiss Confederation', 'CH', '756', '.ch'),
            ('SYR', 'The Syrian Arab Republic', 'SY', '760', '.sy'),
            ('TWN', 'The Republic of China', 'TW', '158', '.tw'),
            ('TJK', 'The Republic of Tajikistan', 'TJ', '762', '.tj'),
            ('TZA', 'The United Republic of Tanzania', 'TZ', '834', '.tz'),
            ('THA', 'The Kingdom of Thailand', 'TH', '764', '.th'),
            ('TLS', 'The Democratic Republic of Timor-Leste', 'TL', '626', '.tl'),
            ('TGO', 'The Togolese Republic', 'TG', '768', '.tg'),
            ('TKL', 'Tokelau', 'TK', '772', '.tk'),
            ('TON', 'The Kingdom of Tonga', 'TO', '776', '.to'),
            ('TTO', 'The Republic of Trinidad and Tobago', 'TT', '780', '.tt'),
            ('TUN', 'The Republic of Tunisia', 'TN', '788', '.tn'),
            ('TUR', 'The Republic of Turkey', 'TR', '792', '.tr'),
            ('TKM', 'Turkmenistan', 'TM', '795', '.tm'),
            ('TCA', 'The Turks and Caicos Islands', 'TC', '796', '.tc'),
            ('TUV', 'Tuvalu', 'TV', '798', '.tv'),
            ('UGA', 'The Republic of Uganda', 'UG', '800', '.ug'),
            ('UKR', 'Ukraine', 'UA', '804', '.ua'),
            ('ARE', 'The United Arab Emirates', 'AE', '784', '.ae'),
            ('GBR', 'The United Kingdom of Great Britain and Northern Ireland', 'GB', '826', '.gb .uk'),
            ('UMI', 'Baker Island, Howland Island, Jarvis Island, Johnston Atoll, Kingman Reef, Midway Atoll, Navassa Island, Palmyra Atoll, and Wake Island', 'UM', '581', '[ad]'),
            ('USA', 'The United States of America', 'US', '840', '.us'),
            ('URY', 'The Oriental Republic of Uruguay', 'UY', '858', '.uy'),
            ('UZB', 'The Republic of Uzbekistan', 'UZ', '860', '.uz'),
            ('VUT', 'The Republic of Vanuatu', 'VU', '548', '.vu'),
            ('VEN', 'The Bolivarian Republic of Venezuela', 'VE', '862', '.ve'),
            ('VNM', 'The Socialist Republic of Viet Nam', 'VN', '704', '.vn'),
            ('VGB', 'The Virgin Islands', 'VG', '092', '.vg'),
            ('VIR', 'The Virgin Islands of the United States', 'VI', '850', '.vi'),
            ('WLF', 'The Territory of the Wallis and Futuna Islands', 'WF', '876', '.wf'),
            ('ESH', 'The Sahrawi Arab Democratic Republic', 'EH', '732', '[aj]'),
            ('YEM', 'The Republic of Yemen', 'YE', '887', '.ye'),
            ('ZMB', 'The Republic of Zambia', 'ZM', '894', '.zm'),
            ('ZWE', 'The Republic of Zimbabwe', 'ZW', '716', '.zw');
-- DDL Table General_State
CREATE TABLE General_State (
    StateCode nvarchar(10) NOT NULL,
    CountryCode nvarchar(3) NOT NULL,
    StateName nvarchar(150)  NOT NULL,
    Latitude nvarchar(20),
    Longitude nvarchar(20),
    CreationDate datetime DEFAULT current_timestamp NOT NULL,
    CreatedBy nvarchar(30) DEFAULT 'SYSTEM' NOT NULL,
    ModificationDate datetime DEFAULT current_timestamp NOT NULL,
    ModifiedBy nvarchar(30) DEFAULT 'SYSTEM' NOT NULL,
    RowStatus nchar(1) DEFAULT 'A' NOT NULL,
    CONSTRAINT PK_General_State PRIMARY KEY (StateCode),
    CONSTRAINT CK_General_State_001 CHECK (RowStatus IN ('A', 'I')),
    CONSTRAINT FK_General_State_001 FOREIGN KEY (CountryCode) REFERENCES General_Country (CountryCode)
);
-- DML Table General_State
INSERT INTO General_State (StateCode, CountryCode, StateName, Longitude, Latitude)
     VALUES ('COL-05', 'COL', 'Antioquia', '-74.88681663', '5.610109776'),
            ('COL-08', 'COL', 'Atlantico', '-74.79525905', '10.97592682'),
            ('COL-11', 'COL', 'Bogota, D. C.', '-74.107359', '4.65017303'),
            ('COL-13', 'COL', 'Bolivar', '-75.49643103', '10.38498552'),
            ('COL-15', 'COL', 'Boyaca', '-73.35548873', '5.539953238'),
            ('COL-17', 'COL', 'Caldas', '-75.49104898', '5.057688197'),
            ('COL-18', 'COL', 'Caqueta', '-75.60856043', '1.61792293'),
            ('COL-19', 'COL', 'Cauca', '-76.57406468', '2.482503391'),
            ('COL-20', 'COL', 'Cesar', '-73.25938931', '10.46048122'),
            ('COL-23', 'COL', 'Cordoba', '-75.87557791', '8.745132591'),
            ('COL-25', 'COL', 'Cundinamarca', '-74.66921778', '4.375312017'),
            ('COL-27', 'COL', 'Choco', '-76.62596936', '5.692195187'),
            ('COL-41', 'COL', 'Huila', '-75.27772259', '2.935604415'),
            ('COL-44', 'COL', 'La Guajira', '-72.91148891', '11.52875138'),
            ('COL-47', 'COL', 'Magdalena', '-74.19089412', '11.2294335'),
            ('COL-50', 'COL', 'Meta', '-73.62709204', '4.1238615'),
            ('COL-52', 'COL', 'Nariño', '-77.27857635', '1.212124365'),
            ('COL-54', 'COL', 'Norte De Santander', '-72.5082562', '7.905306295'),
            ('COL-63', 'COL', 'Quindio', '-75.68075076', '4.535989502'),
            ('COL-66', 'COL', 'Risaralda', '-75.71712306', '4.805680265'),
            ('COL-68', 'COL', 'Santander', '-73.13259818', '7.116267276'),
            ('COL-70', 'COL', 'Sucre', '-75.39548356', '9.302333104'),
            ('COL-73', 'COL', 'Tolima', '-75.19371478', '4.439608991'),
            ('COL-76', 'COL', 'Valle Del Cauca', '-76.52156515', '3.414414305'),
            ('COL-81', 'COL', 'Arauca', '-70.74635031', '7.077358544'),
            ('COL-85', 'COL', 'Casanare', '-72.39691516', '5.327612651'),
            ('COL-86', 'COL', 'Putumayo', '-76.65027142', '1.152296118'),
            ('COL-88', 'COL', 'Archipielago De San Andres, Providencia Y Santa Catalina', '-81.69606298', '12.58301369'),
            ('COL-91', 'COL', 'Amazonas', '-69.94142671', '-4.199836935'),
            ('COL-94', 'COL', 'Guainia', '-67.91883684', '3.866161619'),
            ('COL-95', 'COL', 'Guaviare', '-72.63898622', '2.566428399'),
            ('COL-97', 'COL', 'Vaupes', '-70.23475052', '1.251190563'),
            ('COL-99', 'COL', 'Vichada', '-67.486997', '6.186864187');
-- DML Table General_State
INSERT INTO General_State (StateCode, CountryCode, StateName)
     VALUES ('USA-AL', 'USA', 'Alabama'),
            ('USA-AK', 'USA', 'Alaska'),
            ('USA-AZ', 'USA', 'Arizona'),
            ('USA-AR', 'USA', 'Arkansas'),
            ('USA-CA', 'USA', 'California'),
            ('USA-CO', 'USA', 'Colorado'),
            ('USA-CT', 'USA', 'Connecticut'),
            ('USA-DC', 'USA', 'District of Columbia'),
            ('USA-DE', 'USA', 'Delaware'),
            ('USA-FL', 'USA', 'Florida'),
            ('USA-GA', 'USA', 'Georgia'),
            ('USA-HI', 'USA', 'Hawaii'),
            ('USA-ID', 'USA', 'Idaho'),
            ('USA-IL', 'USA', 'Illinois'),
            ('USA-IN', 'USA', 'Indiana'),
            ('USA-IA', 'USA', 'Iowa'),
            ('USA-KS', 'USA', 'Kansas'),
            ('USA-KY', 'USA', 'Kentucky'),
            ('USA-LA', 'USA', 'Louisiana'),
            ('USA-ME', 'USA', 'Maine'),
            ('USA-MD', 'USA', 'Maryland'),
            ('USA-MA', 'USA', 'Massachusetts'),
            ('USA-MI', 'USA', 'Michigan'),
            ('USA-MN', 'USA', 'Minnesota'),
            ('USA-MS', 'USA', 'Mississippi'),
            ('USA-MO', 'USA', 'Missouri'),
            ('USA-MT', 'USA', 'Montana'),
            ('USA-NE', 'USA', 'Nebraska'),
            ('USA-NV', 'USA', 'Nevada'),
            ('USA-NH', 'USA', 'New Hampshire'),
            ('USA-NJ', 'USA', 'New Jersey'),
            ('USA-NM', 'USA', 'New Mexico'),
            ('USA-NY', 'USA', 'New York'),
            ('USA-NC', 'USA', 'North Carolina'),
            ('USA-ND', 'USA', 'North Dakota'),
            ('USA-OH', 'USA', 'Ohio'),
            ('USA-OK', 'USA', 'Oklahoma'),
            ('USA-OR', 'USA', 'Oregon'),
            ('USA-PA', 'USA', 'Pennsylvania'),
            ('USA-RI', 'USA', 'Rhode Island'),
            ('USA-SC', 'USA', 'South Carolina'),
            ('USA-SD', 'USA', 'South Dakota'),
            ('USA-TN', 'USA', 'Tennessee'),
            ('USA-TX', 'USA', 'Texas'),
            ('USA-UT', 'USA', 'Utah'),
            ('USA-VT', 'USA', 'Vermont'),
            ('USA-VA', 'USA', 'Virginia'),
            ('USA-WA', 'USA', 'Washington'),
            ('USA-WV', 'USA', 'West Virginia'),
            ('USA-WI', 'USA', 'Wisconsin'),
            ('USA-WY', 'USA', 'Wyoming');
-- DDL Table General_City
CREATE TABLE General_City (
    CityCode nvarchar(15) NOT NULL,
    StateCode nvarchar(10) NOT NULL,
    CityName nvarchar(150)  NOT NULL,
    Latitude nvarchar(20),
    Longitude nvarchar(20),
    CreationDate datetime DEFAULT current_timestamp NOT NULL,
    CreatedBy nvarchar(30) DEFAULT 'SYSTEM' NOT NULL,
    ModificationDate datetime DEFAULT current_timestamp NOT NULL,
    ModifiedBy nvarchar(30) DEFAULT 'SYSTEM' NOT NULL,
    RowStatus nchar(1) DEFAULT 'A' NOT NULL,
    CONSTRAINT PK_General_City PRIMARY KEY (CityCode),
    CONSTRAINT CK_General_City_001 CHECK (RowStatus IN ('A', 'I')),
    CONSTRAINT FK_General_City_001 FOREIGN KEY (StateCode) REFERENCES General_State (StateCode)
);
-- DML Table General_City
INSERT INTO General_City (CityCode, StateCode, CityName, Longitude, Latitude)
     VALUES ('COL-05001', 'COL-05', 'Medellin', '-74.88681663', '5.610109776'),
            ('COL-05002', 'COL-05', 'Abejorral', '-75.4287381', '5.789304485'),
            ('COL-05004', 'COL-05', 'Abriaqui', '-76.06470346', '6.631806452'),
            ('COL-05021', 'COL-05', 'Alejandria', '-75.1413329', '6.376065676'),
            ('COL-05030', 'COL-05', 'Amaga', '-75.70194607', '6.038808575'),
            ('COL-05031', 'COL-05', 'Amalfi', '-75.08252428', '6.912304726'),
            ('COL-05034', 'COL-05', 'Andes', '-75.87879189', '5.656774852'),
            ('COL-05036', 'COL-05', 'Angelopolis', '-75.71135114', '6.109614368'),
            ('COL-05038', 'COL-05', 'Angostura', '-75.33511597', '6.885174591'),
            ('COL-05040', 'COL-05', 'Anori', '-75.14834842', '7.074707669'),
            ('COL-05042', 'COL-05', 'Santa Fe De Antioquia', '-75.82707907', '6.556533296'),
            ('COL-05044', 'COL-05', 'Anza', '-75.85444158', '6.302658359'),
            ('COL-05045', 'COL-05', 'Apartado', '-76.62596065', '7.883417406'),
            ('COL-05051', 'COL-05', 'Arboletes', '-76.4270568', '8.850567734'),
            ('COL-05055', 'COL-05', 'Argelia', '-75.14174146', '5.730671879'),
            ('COL-05059', 'COL-05', 'Armenia', '-75.78683783', '6.155818729'),
            ('COL-05079', 'COL-05', 'Barbosa', '-75.33164423', '6.439226882'),
            ('COL-05086', 'COL-05', 'Belmira', '-75.66737413', '6.606159502'),
            ('COL-05088', 'COL-05', 'Bello', '-75.55466507', '6.334068836'),
            ('COL-05091', 'COL-05', 'Betania', '-75.97554408', '5.74474718'),
            ('COL-05093', 'COL-05', 'Betulia', '-75.98451587', '6.115255594'),
            ('COL-05101', 'COL-05', 'Ciudad Bolivar', '-76.02150921', '5.850273232'),
            ('COL-05107', 'COL-05', 'Briceno', '-75.54813022', '7.114882947'),
            ('COL-05113', 'COL-05', 'Buritica', '-75.90753473', '6.719735175'),
            ('COL-05120', 'COL-05', 'Caceres', '-75.35235749', '7.578315451'),
            ('COL-05125', 'COL-05', 'Caicedo', '-75.98281889', '6.405567003'),
            ('COL-05129', 'COL-05', 'Caldas', '-75.63361872', '6.091296966'),
            ('COL-05134', 'COL-05', 'Campamento', '-75.29808843', '6.979777682'),
            ('COL-05138', 'COL-05', 'Canasgordas', '-76.03220994', '6.759477684'),
            ('COL-05142', 'COL-05', 'Caracoli', '-74.75744944', '6.409854727'),
            ('COL-05145', 'COL-05', 'Caramanta', '-75.64386845', '5.548530404'),
            ('COL-05147', 'COL-05', 'Carepa', '-76.65321034', '7.755116346'),
            ('COL-05148', 'COL-05', 'El Carmen De Viboral', '-75.33536246', '6.084551516'),
            ('COL-05150', 'COL-05', 'Carolina', '-75.28317011', '6.725977146'),
            ('COL-05154', 'COL-05', 'Caucasia', '-75.19829033', '7.977362333'),
            ('COL-05172', 'COL-05', 'Chigorodo', '-76.6812164', '7.666300439'),
            ('COL-05190', 'COL-05', 'Cisneros', '-75.08720761', '6.537761957'),
            ('COL-05197', 'COL-05', 'Cocorna', '-75.18548101', '6.058306335'),
            ('COL-05206', 'COL-05', 'Concepcion', '-75.2576027', '6.394347095'),
            ('COL-05209', 'COL-05', 'Concordia', '-75.90750472', '6.046568573'),
            ('COL-05212', 'COL-05', 'Copacabana', '-75.5093439', '6.348640545'),
            ('COL-05234', 'COL-05', 'Dabeiba', '-76.26297665', '7.00032194'),
            ('COL-05237', 'COL-05', 'Donmatias', '-75.39272406', '6.484469957'),
            ('COL-05240', 'COL-05', 'Ebejico', '-75.76622047', '6.326056658'),
            ('COL-05250', 'COL-05', 'El Bagre', '-74.79909729', '7.597521794'),
            ('COL-05264', 'COL-05', 'Entrerrios', '-75.5178008', '6.566481448'),
            ('COL-05266', 'COL-05', 'Envigado', '-75.58301014', '6.167004552'),
            ('COL-05282', 'COL-05', 'Fredonia', '-75.6705064', '5.924368006'),
            ('COL-05284', 'COL-05', 'Frontino', '-76.13076514', '6.776065912'),
            ('COL-05306', 'COL-05', 'Giraldo', '-75.95215756', '6.680808016'),
            ('COL-05308', 'COL-05', 'Girardota', '-75.44446221', '6.379613834'),
            ('COL-05310', 'COL-05', 'Gomez Plata', '-75.2200382', '6.683287586'),
            ('COL-05313', 'COL-05', 'Granada', '-75.18444508', '6.142896667'),
            ('COL-05315', 'COL-05', 'Guadalupe', '-75.24001859', '6.814263455'),
            ('COL-05318', 'COL-05', 'Guarne', '-75.44165392', '6.278064077'),
            ('COL-05321', 'COL-05', 'Guatape', '-75.16229259', '6.232592707'),
            ('COL-05347', 'COL-05', 'Heliconia', '-75.73432238', '6.206757461'),
            ('COL-05353', 'COL-05', 'Hispania', '-75.90658827', '5.799461575'),
            ('COL-05360', 'COL-05', 'Itagui', '-75.61435871', '6.169597629'),
            ('COL-05361', 'COL-05', 'Ituango', '-75.76467317', '7.17162903'),
            ('COL-05364', 'COL-05', 'Jardin', '-75.81898092', '5.597541741'),
            ('COL-05368', 'COL-05', 'Jerico', '-75.78549855', '5.789747931'),
            ('COL-05376', 'COL-05', 'La Ceja', '-75.42943089', '6.028055744'),
            ('COL-05380', 'COL-05', 'La Estrella', '-75.64519038', '6.15841974'),
            ('COL-05390', 'COL-05', 'La Pintada', '-75.60781026', '5.743807479'),
            ('COL-05400', 'COL-05', 'La Union', '-75.3608659', '5.973868218'),
            ('COL-05411', 'COL-05', 'Liborina', '-75.81283227', '6.677323053'),
            ('COL-05425', 'COL-05', 'Maceo', '-74.78716148', '6.552116913'),
            ('COL-05440', 'COL-05', 'Marinilla', '-75.33947788', '6.172269255'),
            ('COL-05467', 'COL-05', 'Montebello', '-75.52351091', '5.946325567'),
            ('COL-05475', 'COL-05', 'Murindo', '-76.81745806', '6.977691853'),
            ('COL-05480', 'COL-05', 'Mutata', '-76.4358754', '7.242875057'),
            ('COL-05483', 'COL-05', 'Narino', '-75.17626132', '5.610774585'),
            ('COL-05490', 'COL-05', 'Necocli', '-76.7845745', '8.426135983'),
            ('COL-05495', 'COL-05', 'Nechi', '-74.77647012', '8.094128661'),
            ('COL-05501', 'COL-05', 'Olaya', '-75.81229873', '6.627525738'),
            ('COL-05541', 'COL-05', 'Penol', '-75.24282171', '6.219450549'),
            ('COL-05543', 'COL-05', 'Peque', '-75.91034556', '7.021017918'),
            ('COL-05576', 'COL-05', 'Pueblorrico', '-75.84077355', '5.791786032'),
            ('COL-05579', 'COL-05', 'Puerto Berrio', '-74.40994553', '6.48704114'),
            ('COL-05585', 'COL-05', 'Puerto Nare', '-74.58301201', '6.186024828'),
            ('COL-05591', 'COL-05', 'Puerto Triunfo', '-74.64126293', '5.871212959'),
            ('COL-05604', 'COL-05', 'Remedios', '-74.69594426', '7.026094053'),
            ('COL-05607', 'COL-05', 'Retiro', '-75.50137516', '6.063379954'),
            ('COL-05615', 'COL-05', 'Rionegro', '-75.37676938', '6.14722409'),
            ('COL-05628', 'COL-05', 'Sabanalarga', '-75.81664609', '6.85002589'),
            ('COL-05631', 'COL-05', 'Sabaneta', '-75.61558529', '6.150970181'),
            ('COL-05642', 'COL-05', 'Salgar', '-75.98204854', '5.96564031'),
            ('COL-05647', 'COL-05', 'San Andres De Cuerquia', '-75.67473253', '6.916808512'),
            ('COL-05649', 'COL-05', 'San Carlos', '-74.98795256', '6.187991569'),
            ('COL-05652', 'COL-05', 'San Francisco', '-75.10268697', '5.964079131'),
            ('COL-05656', 'COL-05', 'San Jeronimo', '-75.72700058', '6.448066608'),
            ('COL-05658', 'COL-05', 'San Jose De La Montana', '-75.68335163', '6.850090299'),
            ('COL-05659', 'COL-05', 'San Juan De Uraba', '-76.52879434', '8.759341801'),
            ('COL-05660', 'COL-05', 'San Luis', '-74.993641', '6.042983285'),
            ('COL-05664', 'COL-05', 'San Pedro De Los Milagros', '-75.55671915', '6.460138599'),
            ('COL-05665', 'COL-05', 'San Pedro De Uraba', '-76.38057789', '8.276886664'),
            ('COL-05667', 'COL-05', 'San Rafael', '-75.02798382', '6.293754876'),
            ('COL-05670', 'COL-05', 'San Roque', '-75.01915757', '6.485948936'),
            ('COL-05674', 'COL-05', 'San Vicente Ferrer', '-75.33261381', '6.282155852'),
            ('COL-05679', 'COL-05', 'Santa Barbara', '-75.56735178', '5.875533398'),
            ('COL-05686', 'COL-05', 'Santa Rosa De Osos', '-75.46074502', '6.643326001'),
            ('COL-05690', 'COL-05', 'Santo Domingo', '-75.16778371', '6.474843293'),
            ('COL-05697', 'COL-05', 'El Santuario', '-75.26584979', '6.137046858'),
            ('COL-05736', 'COL-05', 'Segovia', '-74.70159107', '7.079639679'),
            ('COL-05756', 'COL-05', 'Sonson', '-75.30939515', '5.714811641'),
            ('COL-05761', 'COL-05', 'Sopetran', '-75.74725636', '6.500985773'),
            ('COL-05789', 'COL-05', 'Tamesis', '-75.71432069', '5.664466636'),
            ('COL-05790', 'COL-05', 'Taraza', '-75.40140596', '7.580120815'),
            ('COL-05792', 'COL-05', 'Tarso', '-75.82321448', '5.863295751'),
            ('COL-05809', 'COL-05', 'Titiribi', '-75.79154901', '6.060980082'),
            ('COL-05819', 'COL-05', 'Toledo', '-75.69144241', '7.010154029'),
            ('COL-05837', 'COL-05', 'Turbo', '-76.72915844', '8.089116411'),
            ('COL-05842', 'COL-05', 'Uramita', '-76.17340916', '6.898494111'),
            ('COL-05847', 'COL-05', 'Urrao', '-76.13394867', '6.317319591'),
            ('COL-05854', 'COL-05', 'Valdivia', '-75.43919844', '7.16534'),
            ('COL-05856', 'COL-05', 'Valparaiso', '-75.62445889', '5.614550725'),
            ('COL-05858', 'COL-05', 'Vegachi', '-74.79872695', '6.77344632'),
            ('COL-05861', 'COL-05', 'Venecia', '-75.73550324', '5.964733583'),
            ('COL-05873', 'COL-05', 'Vigia Del Fuerte', '-76.89618698', '6.588119845'),
            ('COL-05885', 'COL-05', 'Yali', '-74.84004673', '6.676567272'),
            ('COL-05887', 'COL-05', 'Yarumal', '-75.41883314', '6.963872352'),
            ('COL-05890', 'COL-05', 'Yolombo', '-75.01335058', '6.594592434'),
            ('COL-05893', 'COL-05', 'Yondo', '-73.91245795', '7.003940734'),
            ('COL-05895', 'COL-05', 'Zaragoza', '-74.86707471', '7.488583075'),
            ('COL-08001', 'COL-08', 'Barranquilla', '-74.79525905', '10.97592682'),
            ('COL-08078', 'COL-08', 'Baranoa', '-74.91609981', '10.79488048'),
            ('COL-08137', 'COL-08', 'Campo De La Cruz', '-74.88315173', '10.37924013'),
            ('COL-08141', 'COL-08', 'Candelaria', '-74.8799126', '10.46121723'),
            ('COL-08296', 'COL-08', 'Galapa', '-74.8669381', '10.919641'),
            ('COL-08372', 'COL-08', 'Juan De Acosta', '-75.04079914', '10.83018223'),
            ('COL-08421', 'COL-08', 'Luruaco', '-75.14224614', '10.61111642'),
            ('COL-08433', 'COL-08', 'Malambo', '-74.77424057', '10.85628724'),
            ('COL-08436', 'COL-08', 'Manati', '-74.95703499', '10.44896238'),
            ('COL-08520', 'COL-08', 'Palmar De Varela', '-74.75475789', '10.73858326'),
            ('COL-08549', 'COL-08', 'Piojo', '-75.10747012', '10.74934442'),
            ('COL-08558', 'COL-08', 'Polonuevo', '-74.85425725', '10.77772451'),
            ('COL-08560', 'COL-08', 'Ponedera', '-74.75390044', '10.64179593'),
            ('COL-08573', 'COL-08', 'Puerto Colombia', '-74.85196357', '11.02294005'),
            ('COL-08606', 'COL-08', 'Repelon', '-75.12548162', '10.49334167'),
            ('COL-08634', 'COL-08', 'Sabanagrande', '-74.75850721', '10.79107595'),
            ('COL-08638', 'COL-08', 'Sabanalarga', '-74.92109368', '10.63283523'),
            ('COL-08675', 'COL-08', 'Santa Lucia', '-74.95897145', '10.32327321'),
            ('COL-08685', 'COL-08', 'Santo Tomas', '-74.75411186', '10.75605629'),
            ('COL-08758', 'COL-08', 'Soledad', '-74.78483338', '10.91017447'),
            ('COL-08770', 'COL-08', 'Suan', '-74.88168748', '10.33543138'),
            ('COL-08832', 'COL-08', 'Tubara', '-74.97867947', '10.87364774'),
            ('COL-08849', 'COL-08', 'Usiacuri', '-74.97698261', '10.74297819'),
            ('COL-11001', 'COL-11', 'Bogota, D.C.', '-74.107359', '4.65017303'),
            ('COL-13001', 'COL-13', 'Cartagena De Indias', '-75.49643103', '10.38498552'),
            ('COL-13006', 'COL-13', 'Achi', '-74.55706395', '8.569110393'),
            ('COL-13030', 'COL-13', 'Altos Del Rosario', '-74.16504945', '8.791606399'),
            ('COL-13042', 'COL-13', 'Arenal', '-73.94111583', '8.458630438'),
            ('COL-13052', 'COL-13', 'Arjona', '-75.34448845', '10.25663152'),
            ('COL-13062', 'COL-13', 'Arroyohondo', '-75.01719268', '10.24279848'),
            ('COL-13074', 'COL-13', 'Barranco De Loba', '-74.10522428', '8.947730158'),
            ('COL-13140', 'COL-13', 'Calamar', '-74.91362928', '10.25196336'),
            ('COL-13160', 'COL-13', 'Cantagallo', '-73.91465024', '7.3783156'),
            ('COL-13188', 'COL-13', 'Cicuco', '-74.64549419', '9.274745598'),
            ('COL-13212', 'COL-13', 'Cordoba', '-74.82746263', '9.586907918'),
            ('COL-13222', 'COL-13', 'Clemencia', '-75.32851201', '10.56754177'),
            ('COL-13244', 'COL-13', 'El Carmen De Bolivar', '-75.12121573', '9.718579864'),
            ('COL-13248', 'COL-13', 'El Guamo', '-74.97611357', '10.03091298'),
            ('COL-13268', 'COL-13', 'El Penon', '-73.9494155', '8.988219476'),
            ('COL-13300', 'COL-13', 'Hatillo De Loba', '-74.07836471', '8.955614891'),
            ('COL-13430', 'COL-13', 'Magangue', '-74.77017457', '9.268563794'),
            ('COL-13433', 'COL-13', 'Mahates', '-75.19133659', '10.23325452'),
            ('COL-13440', 'COL-13', 'Margarita', '-74.28082176', '9.155550472'),
            ('COL-13442', 'COL-13', 'Maria La Baja', '-75.30075935', '9.982645517'),
            ('COL-13458', 'COL-13', 'Montecristo', '-74.47170385', '8.297136275'),
            ('COL-13468', 'COL-13', 'Santa Cruz De Mompox', '-74.42786642', '9.243883757'),
            ('COL-13473', 'COL-13', 'Morales', '-73.86814048', '8.276306771'),
            ('COL-13490', 'COL-13', 'Norosi', '-74.03805913', '8.525980787'),
            ('COL-13549', 'COL-13', 'Pinillos', '-74.46240354', '8.915452234'),
            ('COL-13580', 'COL-13', 'Regidor', '-73.82163802', '8.666257728'),
            ('COL-13600', 'COL-13', 'Rio Viejo', '-73.83994549', '8.587627712'),
            ('COL-13620', 'COL-13', 'San Cristobal', '-75.06553417', '10.39285577'),
            ('COL-13647', 'COL-13', 'San Estanislao', '-75.15325792', '10.3984757'),
            ('COL-13650', 'COL-13', 'San Fernando', '-74.32386665', '9.214179065'),
            ('COL-13654', 'COL-13', 'San Jacinto', '-75.1210888', '9.830219073'),
            ('COL-13655', 'COL-13', 'San Jacinto Del Cauca', '-74.72082643', '8.251739321'),
            ('COL-13657', 'COL-13', 'San Juan Nepomuceno', '-75.08135293', '9.953454388'),
            ('COL-13667', 'COL-13', 'San Martin De Loba', '-74.03901175', '8.937090811'),
            ('COL-13670', 'COL-13', 'San Pablo', '-73.92416855', '7.476720672'),
            ('COL-13673', 'COL-13', 'Santa Catalina', '-75.28776411', '10.60505605'),
            ('COL-13683', 'COL-13', 'Santa Rosa', '-75.36983166', '10.44439608'),
            ('COL-13688', 'COL-13', 'Santa Rosa Del Sur', '-74.05284001', '7.962854831'),
            ('COL-13744', 'COL-13', 'Simiti', '-73.94731196', '7.954176376'),
            ('COL-13760', 'COL-13', 'Soplaviento', '-75.13642551', '10.38845743'),
            ('COL-13780', 'COL-13', 'Talaigua Nuevo', '-74.56762806', '9.304889329'),
            ('COL-13810', 'COL-13', 'Tiquisio', '-74.26354688', '8.557741117'),
            ('COL-13836', 'COL-13', 'Turbaco', '-75.42440917', '10.33276916'),
            ('COL-13838', 'COL-13', 'Turbana', '-75.44250247', '10.27440205'),
            ('COL-13873', 'COL-13', 'Villanueva', '-75.27475439', '10.44449833'),
            ('COL-13894', 'COL-13', 'Zambrano', '-74.8138396', '9.7469139'),
            ('COL-15001', 'COL-15', 'Tunja', '-73.35548873', '5.539953238'),
            ('COL-15022', 'COL-15', 'Almeida', '-73.3789331', '4.970856509'),
            ('COL-15047', 'COL-15', 'Aquitania', '-72.88398481', '5.518603543'),
            ('COL-15051', 'COL-15', 'Arcabuco', '-73.43818476', '5.755184269'),
            ('COL-15087', 'COL-15', 'Belen', '-72.91161957', '5.989277861'),
            ('COL-15090', 'COL-15', 'Berbeo', '-73.12703215', '5.22728723'),
            ('COL-15092', 'COL-15', 'Beteitiva', '-72.8090312', '5.909907818'),
            ('COL-15097', 'COL-15', 'Boavita', '-72.5849594', '6.330652563'),
            ('COL-15104', 'COL-15', 'Boyaca', '-73.36230272', '5.454237164'),
            ('COL-15106', 'COL-15', 'Briceno', '-73.9232597', '5.690878897'),
            ('COL-15109', 'COL-15', 'Buenavista', '-73.94230522', '5.512431151'),
            ('COL-15114', 'COL-15', 'Busbanza', '-72.88416175', '5.831389532'),
            ('COL-15131', 'COL-15', 'Caldas', '-73.865541', '5.554575079'),
            ('COL-15135', 'COL-15', 'Campohermoso', '-73.10416792', '5.031660681'),
            ('COL-15162', 'COL-15', 'Cerinza', '-72.94827585', '5.956028189'),
            ('COL-15172', 'COL-15', 'Chinavita', '-73.36847648', '5.167483821'),
            ('COL-15176', 'COL-15', 'Chiquinquira', '-73.81838763', '5.61412789'),
            ('COL-15180', 'COL-15', 'Chiscas', '-72.50183507', '6.554050428'),
            ('COL-15183', 'COL-15', 'Chita', '-72.47189235', '6.187082996'),
            ('COL-15185', 'COL-15', 'Chitaraque', '-73.4471004', '6.027425133'),
            ('COL-15187', 'COL-15', 'Chivata', '-73.28252944', '5.558948845'),
            ('COL-15189', 'COL-15', 'Cienega', '-73.29606129', '5.408702192'),
            ('COL-15204', 'COL-15', 'Combita', '-73.32395642', '5.634545314'),
            ('COL-15212', 'COL-15', 'Coper', '-74.04546072', '5.474983018'),
            ('COL-15215', 'COL-15', 'Corrales', '-72.84479484', '5.828102208'),
            ('COL-15218', 'COL-15', 'Covarachia', '-72.73897793', '6.50017746'),
            ('COL-15223', 'COL-15', 'Cubara', '-72.11068776', '7.000092875'),
            ('COL-15224', 'COL-15', 'Cucaita', '-73.45433765', '5.544451559'),
            ('COL-15226', 'COL-15', 'Cuitiva', '-72.96592323', '5.58036723'),
            ('COL-15232', 'COL-15', 'Chiquiza', '-73.44946261', '5.639834305'),
            ('COL-15236', 'COL-15', 'Chivor', '-73.36689376', '4.887781661'),
            ('COL-15238', 'COL-15', 'Duitama', '-73.03060967', '5.82298568'),
            ('COL-15244', 'COL-15', 'El Cocuy', '-72.44472932', '6.407716232'),
            ('COL-15248', 'COL-15', 'El Espino', '-72.49700735', '6.483027406'),
            ('COL-15272', 'COL-15', 'Firavitoba', '-72.99336145', '5.66892216'),
            ('COL-15276', 'COL-15', 'Floresta', '-72.91811131', '5.859519124'),
            ('COL-15293', 'COL-15', 'Gachantiva', '-73.54909239', '5.751891082'),
            ('COL-15296', 'COL-15', 'Gameza', '-72.80552935', '5.802337805'),
            ('COL-15299', 'COL-15', 'Garagoa', '-73.36442756', '5.083243463'),
            ('COL-15317', 'COL-15', 'Guacamayas', '-72.500812', '6.459666516'),
            ('COL-15322', 'COL-15', 'Guateque', '-73.47120697', '5.007320895'),
            ('COL-15325', 'COL-15', 'Guayata', '-73.4896964', '4.967122531'),
            ('COL-15332', 'COL-15', 'Guican De La Sierra', '-72.41176261', '6.462863755'),
            ('COL-15362', 'COL-15', 'Iza', '-72.98017623', '5.61169614'),
            ('COL-15367', 'COL-15', 'Jenesano', '-73.36373756', '5.385812845'),
            ('COL-15368', 'COL-15', 'Jerico', '-72.57072349', '6.145920383'),
            ('COL-15377', 'COL-15', 'Labranzagrande', '-72.57777012', '5.562687048'),
            ('COL-15380', 'COL-15', 'La Capilla', '-73.4443474', '5.095686992'),
            ('COL-15401', 'COL-15', 'La Victoria', '-74.23439322', '5.52379224'),
            ('COL-15403', 'COL-15', 'La Uvita', '-72.5599847', '6.316206406'),
            ('COL-15407', 'COL-15', 'Villa De Leyva', '-73.5246846', '5.632661849'),
            ('COL-15425', 'COL-15', 'Macanal', '-73.31964224', '4.972466063'),
            ('COL-15442', 'COL-15', 'Maripi', '-74.00404995', '5.55009071'),
            ('COL-15455', 'COL-15', 'Miraflores', '-73.14563048', '5.196515115'),
            ('COL-15464', 'COL-15', 'Mongua', '-72.79809049', '5.754242228'),
            ('COL-15466', 'COL-15', 'Mongui', '-72.84926001', '5.723404072'),
            ('COL-15469', 'COL-15', 'Moniquira', '-73.57337039', '5.876334811'),
            ('COL-15476', 'COL-15', 'Motavita', '-73.36784105', '5.5776996'),
            ('COL-15480', 'COL-15', 'Muzo', '-74.10275078', '5.532462867'),
            ('COL-15491', 'COL-15', 'Nobsa', '-72.93985317', '5.771042624'),
            ('COL-15494', 'COL-15', 'Nuevo Colon', '-73.45713618', '5.355145864'),
            ('COL-15500', 'COL-15', 'Oicata', '-73.30840398', '5.595234239'),
            ('COL-15507', 'COL-15', 'Otanche', '-74.18096474', '5.657535713'),
            ('COL-15511', 'COL-15', 'Pachavita', '-73.39695306', '5.140064731'),
            ('COL-15514', 'COL-15', 'Paez', '-73.05431038', '5.095234631'),
            ('COL-15516', 'COL-15', 'Paipa', '-73.11791688', '5.77994187'),
            ('COL-15518', 'COL-15', 'Pajarito', '-72.70320992', '5.293665206'),
            ('COL-15522', 'COL-15', 'Panqueba', '-72.45920027', '6.443075415'),
            ('COL-15531', 'COL-15', 'Pauna', '-73.97844872', '5.656322691'),
            ('COL-15533', 'COL-15', 'Paya', '-72.42377541', '5.625698707'),
            ('COL-15537', 'COL-15', 'Paz De Rio', '-72.74913738', '5.987644906'),
            ('COL-15542', 'COL-15', 'Pesca', '-73.05087224', '5.558807609'),
            ('COL-15550', 'COL-15', 'Pisba', '-72.48594682', '5.721615112'),
            ('COL-15572', 'COL-15', 'Puerto Boyaca', '-74.58799919', '5.977934952'),
            ('COL-15580', 'COL-15', 'Quipama', '-74.17772939', '5.518370385'),
            ('COL-15599', 'COL-15', 'Ramiriqui', '-73.33486896', '5.400221644'),
            ('COL-15600', 'COL-15', 'Raquira', '-73.63249716', '5.539065827'),
            ('COL-15621', 'COL-15', 'Rondon', '-73.20847397', '5.357400116'),
            ('COL-15632', 'COL-15', 'Saboya', '-73.76466062', '5.697733432'),
            ('COL-15638', 'COL-15', 'Sachica', '-73.54263447', '5.583592497'),
            ('COL-15646', 'COL-15', 'Samaca', '-73.48564359', '5.492314591'),
            ('COL-15660', 'COL-15', 'San Eduardo', '-73.077143', '5.22395594'),
            ('COL-15664', 'COL-15', 'San Jose De Pare', '-73.54537245', '6.018975771'),
            ('COL-15667', 'COL-15', 'San Luis De Gaceno', '-73.16835942', '4.819690447'),
            ('COL-15673', 'COL-15', 'San Mateo', '-72.55526421', '6.401683318'),
            ('COL-15676', 'COL-15', 'San Miguel De Sema', '-73.72200484', '5.518086388'),
            ('COL-15681', 'COL-15', 'San Pablo De Borbur', '-74.06996448', '5.650676396'),
            ('COL-15686', 'COL-15', 'Santana', '-73.48122632', '6.057413107'),
            ('COL-15690', 'COL-15', 'Santa Maria', '-73.26351766', '4.857192995'),
            ('COL-15693', 'COL-15', 'Santa Rosa De Viterbo', '-72.98246092', '5.874555597'),
            ('COL-15696', 'COL-15', 'Santa Sofia', '-73.60270717', '5.713269421'),
            ('COL-15720', 'COL-15', 'Sativanorte', '-72.70845816', '6.131136111'),
            ('COL-15723', 'COL-15', 'Sativasur', '-72.71243808', '6.093182343'),
            ('COL-15740', 'COL-15', 'Siachoque', '-73.24464901', '5.511815055'),
            ('COL-15753', 'COL-15', 'Soata', '-72.68402498', '6.331911937'),
            ('COL-15755', 'COL-15', 'Socota', '-72.63665338', '6.041161833'),
            ('COL-15757', 'COL-15', 'Socha', '-72.69196586', '5.996713021'),
            ('COL-15759', 'COL-15', 'Sogamoso', '-72.92304769', '5.72568939'),
            ('COL-15761', 'COL-15', 'Somondoco', '-73.43339298', '4.985725507'),
            ('COL-15762', 'COL-15', 'Sora', '-73.45015278', '5.566839797'),
            ('COL-15763', 'COL-15', 'Sotaquira', '-73.24733448', '5.765230774'),
            ('COL-15764', 'COL-15', 'Soraca', '-73.33280563', '5.500904831'),
            ('COL-15774', 'COL-15', 'Susacon', '-72.69028925', '6.230332074'),
            ('COL-15776', 'COL-15', 'Sutamarchan', '-73.6205861', '5.619781419'),
            ('COL-15778', 'COL-15', 'Sutatenza', '-73.45231714', '5.022988994'),
            ('COL-15790', 'COL-15', 'Tasco', '-72.78101116', '5.909821031'),
            ('COL-15798', 'COL-15', 'Tenza', '-73.42058911', '5.077074351'),
            ('COL-15804', 'COL-15', 'Tibana', '-73.39645722', '5.317250924'),
            ('COL-15806', 'COL-15', 'Tibasosa', '-72.99944921', '5.747229977'),
            ('COL-15808', 'COL-15', 'Tinjaca', '-73.64684734', '5.57971331'),
            ('COL-15810', 'COL-15', 'Tipacoque', '-72.69317268', '6.418585803'),
            ('COL-15814', 'COL-15', 'Toca', '-73.18479034', '5.56646915'),
            ('COL-15816', 'COL-15', 'Togui', '-73.51365506', '5.937438225'),
            ('COL-15820', 'COL-15', 'Topaga', '-72.83224493', '5.768201449'),
            ('COL-15822', 'COL-15', 'Tota', '-72.98589814', '5.560497374'),
            ('COL-15832', 'COL-15', 'Tunungua', '-73.9331548', '5.730582208'),
            ('COL-15835', 'COL-15', 'Turmeque', '-73.49184702', '5.323252768'),
            ('COL-15837', 'COL-15', 'Tuta', '-73.22597294', '5.690968244'),
            ('COL-15839', 'COL-15', 'Tutaza', '-72.85603548', '6.032607903'),
            ('COL-15842', 'COL-15', 'Umbita', '-73.45691657', '5.221176201'),
            ('COL-15861', 'COL-15', 'Ventaquemada', '-73.52237325', '5.368733979'),
            ('COL-15879', 'COL-15', 'Viracacha', '-73.29689965', '5.436788535'),
            ('COL-15897', 'COL-15', 'Zetaquira', '-73.16905201', '5.282116052'),
            ('COL-17001', 'COL-17', 'Manizales', '-75.49104898', '5.057688197'),
            ('COL-17013', 'COL-17', 'Aguadas', '-75.45486967', '5.610244456'),
            ('COL-17042', 'COL-17', 'Anserma', '-75.78434266', '5.236474391'),
            ('COL-17050', 'COL-17', 'Aranzazu', '-75.49125461', '5.271141768'),
            ('COL-17088', 'COL-17', 'Belalcazar', '-75.8119183', '4.9937939'),
            ('COL-17174', 'COL-17', 'Chinchina', '-75.60748073', '4.985812862'),
            ('COL-17272', 'COL-17', 'Filadelfia', '-75.56247406', '5.29709071'),
            ('COL-17380', 'COL-17', 'La Dorada', '-74.65820562', '5.444406098'),
            ('COL-17388', 'COL-17', 'La Merced', '-75.54790789', '5.39477941'),
            ('COL-17433', 'COL-17', 'Manzanares', '-75.15282885', '5.255720253'),
            ('COL-17442', 'COL-17', 'Marmato', '-75.60024162', '5.47400482'),
            ('COL-17444', 'COL-17', 'Marquetalia', '-75.05309703', '5.297524561'),
            ('COL-17446', 'COL-17', 'Marulanda', '-75.25940253', '5.284330464'),
            ('COL-17486', 'COL-17', 'Neira', '-75.51984208', '5.166705703'),
            ('COL-17495', 'COL-17', 'Norcasia', '-74.88954408', '5.574795393'),
            ('COL-17513', 'COL-17', 'Pacora', '-75.45962126', '5.527171733'),
            ('COL-17524', 'COL-17', 'Palestina', '-75.62150256', '5.020571168'),
            ('COL-17541', 'COL-17', 'Pensilvania', '-75.16029852', '5.383280594'),
            ('COL-17614', 'COL-17', 'Riosucio', '-75.70206971', '5.423680913'),
            ('COL-17616', 'COL-17', 'Risaralda', '-75.76721954', '5.164508957'),
            ('COL-17653', 'COL-17', 'Salamina', '-75.48722244', '5.403024515'),
            ('COL-17662', 'COL-17', 'Samana', '-74.99225776', '5.413086301'),
            ('COL-17665', 'COL-17', 'San Jose', '-75.79200444', '5.081569475'),
            ('COL-17777', 'COL-17', 'Supia', '-75.64966031', '5.446842982'),
            ('COL-17867', 'COL-17', 'Victoria', '-74.91115304', '5.3174202'),
            ('COL-17873', 'COL-17', 'Villamaria', '-75.5137606', '5.043806686'),
            ('COL-17877', 'COL-17', 'Viterbo', '-75.87060986', '5.062664236'),
            ('COL-18001', 'COL-18', 'Florencia', '-75.60856043', '1.61792293'),
            ('COL-18029', 'COL-18', 'Albania', '-75.87837054', '1.328522088'),
            ('COL-18094', 'COL-18', 'Belen De Los Andaquies', '-75.87247395', '1.415786446'),
            ('COL-18150', 'COL-18', 'Cartagena Del Chaira', '-74.84719837', '1.335134955'),
            ('COL-18205', 'COL-18', 'Curillo', '-75.91920435', '1.033473748'),
            ('COL-18247', 'COL-18', 'El Doncello', '-75.28356287', '1.679872476'),
            ('COL-18256', 'COL-18', 'El Paujil', '-75.32612346', '1.570373283'),
            ('COL-18410', 'COL-18', 'La Montanita', '-75.43640776', '1.479172635'),
            ('COL-18460', 'COL-18', 'Milan', '-75.50696203', '1.290427202'),
            ('COL-18479', 'COL-18', 'Morelia', '-75.7245814', '1.487623369'),
            ('COL-18592', 'COL-18', 'Puerto Rico', '-75.15748874', '1.908935073'),
            ('COL-18610', 'COL-18', 'San Jose Del Fragua', '-75.9735381', '1.33194848'),
            ('COL-18753', 'COL-18', 'San Vicente Del Caguan', '-74.76734058', '2.119786131'),
            ('COL-18756', 'COL-18', 'Solano', '-75.25370431', '0.698977525'),
            ('COL-18785', 'COL-18', 'Solita', '-75.61973409', '0.876668003'),
            ('COL-18860', 'COL-18', 'Valparaiso', '-75.70658353', '1.194583032'),
            ('COL-19001', 'COL-19', 'Popayan', '-76.57406468', '2.482503391'),
            ('COL-19022', 'COL-19', 'Almaguer', '-76.85592449', '1.913360233'),
            ('COL-19050', 'COL-19', 'Argelia', '-77.24945028', '2.256754909'),
            ('COL-19075', 'COL-19', 'Balboa', '-77.21589814', '2.040478768'),
            ('COL-19100', 'COL-19', 'Bolivar', '-76.96631204', '1.837416404'),
            ('COL-19110', 'COL-19', 'Buenos Aires', '-76.64228059', '3.01542683'),
            ('COL-19130', 'COL-19', 'Cajibio', '-76.57088427', '2.623338254'),
            ('COL-19137', 'COL-19', 'Caldono', '-76.48444786', '2.798130826'),
            ('COL-19142', 'COL-19', 'Caloto', '-76.40848704', '3.034070778'),
            ('COL-19212', 'COL-19', 'Corinto', '-76.26131419', '3.173815457'),
            ('COL-19256', 'COL-19', 'El Tambo', '-76.81077225', '2.45137136'),
            ('COL-19290', 'COL-19', 'Florencia', '-77.07253426', '1.682522463'),
            ('COL-19300', 'COL-19', 'Guachene', '-76.39218874', '3.134153295'),
            ('COL-19318', 'COL-19', 'Guapi', '-77.88803347', '2.572918366'),
            ('COL-19355', 'COL-19', 'Inza', '-76.06350272', '2.549182984'),
            ('COL-19364', 'COL-19', 'Jambalo', '-76.32387818', '2.777837347'),
            ('COL-19392', 'COL-19', 'La Sierra', '-76.76320908', '2.179322406'),
            ('COL-19397', 'COL-19', 'La Vega', '-76.7788973', '2.001109224'),
            ('COL-19418', 'COL-19', 'Lopez De Micay', '-77.24769154', '2.846715932'),
            ('COL-19450', 'COL-19', 'Mercaderes', '-77.16584432', '1.775772495'),
            ('COL-19455', 'COL-19', 'Miranda', '-76.22886987', '3.253095405'),
            ('COL-19473', 'COL-19', 'Morales', '-76.62922056', '2.754558567'),
            ('COL-19513', 'COL-19', 'Padilla', '-76.31329089', '3.220853836'),
            ('COL-19517', 'COL-19', 'Paez', '-75.97196451', '2.641366768'),
            ('COL-19532', 'COL-19', 'Patia', '-76.98097859', '2.115670227'),
            ('COL-19533', 'COL-19', 'Piamonte', '-76.32576425', '1.117197782'),
            ('COL-19548', 'COL-19', 'Piendamo - Tunia', '-76.52850592', '2.641987578'),
            ('COL-19573', 'COL-19', 'Puerto Tejada', '-76.4173078', '3.233294127'),
            ('COL-19585', 'COL-19', 'Purace', '-76.49563894', '2.342644047'),
            ('COL-19622', 'COL-19', 'Rosas', '-76.74035187', '2.260979699'),
            ('COL-19693', 'COL-19', 'San Sebastian', '-76.7693316', '1.838373887'),
            ('COL-19698', 'COL-19', 'Santander De Quilichao', '-76.48537029', '3.016053901'),
            ('COL-19701', 'COL-19', 'Santa Rosa', '-76.57397297', '1.702420284'),
            ('COL-19743', 'COL-19', 'Silvia', '-76.37957042', '2.611815645'),
            ('COL-19760', 'COL-19', 'Sotara Paispamba', '-76.61329815', '2.253134067'),
            ('COL-19780', 'COL-19', 'Suarez', '-76.69344711', '2.959701537'),
            ('COL-19785', 'COL-19', 'Sucre', '-76.92627731', '2.038251397'),
            ('COL-19807', 'COL-19', 'Timbio', '-76.68423879', '2.349976425'),
            ('COL-19809', 'COL-19', 'Timbiqui', '-77.66756524', '2.777413702'),
            ('COL-19821', 'COL-19', 'Toribio', '-76.27112721', '2.951450409'),
            ('COL-19824', 'COL-19', 'Totoro', '-76.40244251', '2.510229193'),
            ('COL-19845', 'COL-19', 'Villa Rica', '-76.45787266', '3.177577926'),
            ('COL-20001', 'COL-20', 'Valledupar', '-73.25938931', '10.46048122'),
            ('COL-20011', 'COL-20', 'Aguachica', '-73.59902859', '8.310336958'),
            ('COL-20013', 'COL-20', 'Agustin Codazzi', '-73.23839617', '10.04045799'),
            ('COL-20032', 'COL-20', 'Astrea', '-73.9758638', '9.498161108'),
            ('COL-20045', 'COL-20', 'Becerril', '-73.27923167', '9.704606116'),
            ('COL-20060', 'COL-20', 'Bosconia', '-73.88876766', '9.9750947'),
            ('COL-20175', 'COL-20', 'Chimichagua', '-73.81332845', '9.25827144'),
            ('COL-20178', 'COL-20', 'Chiriguana', '-73.60014444', '9.361189611'),
            ('COL-20228', 'COL-20', 'Curumani', '-73.54098652', '9.201810592'),
            ('COL-20238', 'COL-20', 'El Copey', '-73.96271744', '10.14952543'),
            ('COL-20250', 'COL-20', 'El Paso', '-73.74178848', '9.668470391'),
            ('COL-20295', 'COL-20', 'Gamarra', '-73.74376', '8.320449051'),
            ('COL-20310', 'COL-20', 'Gonzalez', '-73.38003986', '8.389604097'),
            ('COL-20383', 'COL-20', 'La Gloria', '-73.80321012', '8.619297878'),
            ('COL-20400', 'COL-20', 'La Jagua De Ibirico', '-73.33422791', '9.5638873'),
            ('COL-20443', 'COL-20', 'Manaure Balcon Del Cesar', '-73.02832046', '10.39089864'),
            ('COL-20517', 'COL-20', 'Pailitas', '-73.62581668', '8.956033206'),
            ('COL-20550', 'COL-20', 'Pelaya', '-73.66635487', '8.688650964'),
            ('COL-20570', 'COL-20', 'Pueblo Bello', '-73.58901062', '10.4150616'),
            ('COL-20614', 'COL-20', 'Rio De Oro', '-73.3863952', '8.292287384'),
            ('COL-20621', 'COL-20', 'La Paz', '-73.17136291', '10.38748954'),
            ('COL-20710', 'COL-20', 'San Alberto', '-73.39422534', '7.76082642'),
            ('COL-20750', 'COL-20', 'San Diego', '-73.18121808', '10.33303286'),
            ('COL-20770', 'COL-20', 'San Martin', '-73.51097518', '7.999895459'),
            ('COL-20787', 'COL-20', 'Tamalameque', '-73.8121728', '8.861724986'),
            ('COL-23001', 'COL-23', 'Monteria', '-75.87557791', '8.745132591'),
            ('COL-23068', 'COL-23', 'Ayapel', '-75.14629076', '8.314446629'),
            ('COL-23079', 'COL-23', 'Buenavista', '-75.48089871', '8.221165554'),
            ('COL-23090', 'COL-23', 'Canalete', '-76.24139652', '8.786944523'),
            ('COL-23162', 'COL-23', 'Cerete', '-75.79621652', '8.888611812'),
            ('COL-23168', 'COL-23', 'Chima', '-75.62689551', '9.149480457'),
            ('COL-23182', 'COL-23', 'Chinu', '-75.39971962', '9.105294089'),
            ('COL-23189', 'COL-23', 'Cienaga De Oro', '-75.62078664', '8.875502246'),
            ('COL-23300', 'COL-23', 'Cotorra', '-75.79914949', '9.037088051'),
            ('COL-23350', 'COL-23', 'La Apartada', '-75.33901631', '8.05245366'),
            ('COL-23417', 'COL-23', 'Lorica', '-75.8159954', '9.240855143'),
            ('COL-23419', 'COL-23', 'Los Cordobas', '-76.35519288', '8.892168997'),
            ('COL-23464', 'COL-23', 'Momil', '-75.67796062', '9.240711917'),
            ('COL-23466', 'COL-23', 'Montelibano', '-75.41681813', '7.973777244'),
            ('COL-23500', 'COL-23', 'Monitos', '-76.12939619', '9.245280293'),
            ('COL-23555', 'COL-23', 'Planeta Rica', '-75.58324299', '8.408202562'),
            ('COL-23570', 'COL-23', 'Pueblo Nuevo', '-75.50797138', '8.504003297'),
            ('COL-23574', 'COL-23', 'Puerto Escondido', '-76.26041108', '9.005372178'),
            ('COL-23580', 'COL-23', 'Puerto Libertador', '-75.67179975', '7.888834815'),
            ('COL-23586', 'COL-23', 'Purisima De La Concepcion', '-75.72488526', '9.239299079'),
            ('COL-23660', 'COL-23', 'Sahagun', '-75.4459203', '8.943125416'),
            ('COL-23670', 'COL-23', 'San Andres De Sotavento', '-75.5088939', '9.145162943'),
            ('COL-23672', 'COL-23', 'San Antero', '-75.76077297', '9.376217345'),
            ('COL-23675', 'COL-23', 'San Bernardo Del Viento', '-75.95474387', '9.352301989'),
            ('COL-23678', 'COL-23', 'San Carlos', '-75.69884549', '8.799106592'),
            ('COL-23682', 'COL-23', 'San Jose De Ure', '-75.5331329', '7.78718515'),
            ('COL-23686', 'COL-23', 'San Pelayo', '-75.83512552', '8.958010321'),
            ('COL-23807', 'COL-23', 'Tierralta', '-76.05969659', '8.170378684'),
            ('COL-23815', 'COL-23', 'Tuchin', '-75.55445092', '9.186965875'),
            ('COL-23855', 'COL-23', 'Valencia', '-76.15071869', '8.255016584'),
            ('COL-25001', 'COL-25', 'Agua De Dios', '-74.66921778', '4.375312017'),
            ('COL-25019', 'COL-25', 'Alban', '-74.43826109', '4.878022123'),
            ('COL-25035', 'COL-25', 'Anapoima', '-74.52851753', '4.562956175'),
            ('COL-25040', 'COL-25', 'Anolaima', '-74.46384203', '4.761695213'),
            ('COL-25053', 'COL-25', 'Arbelaez', '-74.41482562', '4.272481672'),
            ('COL-25086', 'COL-25', 'Beltran', '-74.7418023', '4.802811459'),
            ('COL-25095', 'COL-25', 'Bituima', '-74.53961893', '4.872234339'),
            ('COL-25099', 'COL-25', 'Bojaca', '-74.34849164', '4.741758118'),
            ('COL-25120', 'COL-25', 'Cabrera', '-74.48418723', '3.98461914'),
            ('COL-25123', 'COL-25', 'Cachipay', '-74.4357071', '4.730954629'),
            ('COL-25126', 'COL-25', 'Cajica', '-74.02345397', '4.920809059'),
            ('COL-25148', 'COL-25', 'Caparrapi', '-74.49111956', '5.347943295'),
            ('COL-25151', 'COL-25', 'Caqueza', '-73.9464742', '4.40410106'),
            ('COL-25154', 'COL-25', 'Carmen De Carupa', '-73.90157376', '5.349115758'),
            ('COL-25168', 'COL-25', 'Chaguani', '-74.59345529', '4.948915827'),
            ('COL-25175', 'COL-25', 'Chia', '-74.05034682', '4.866065424'),
            ('COL-25178', 'COL-25', 'Chipaque', '-74.04487563', '4.442671017'),
            ('COL-25181', 'COL-25', 'Choachi', '-73.92289448', '4.527047921'),
            ('COL-25183', 'COL-25', 'Choconta', '-73.68352344', '5.145223894'),
            ('COL-25200', 'COL-25', 'Cogua', '-73.97849669', '5.061841798'),
            ('COL-25214', 'COL-25', 'Cota', '-74.10272646', '4.812987769'),
            ('COL-25224', 'COL-25', 'Cucunuba', '-73.76621533', '5.249767987'),
            ('COL-25245', 'COL-25', 'El Colegio', '-74.44255169', '4.579459662'),
            ('COL-25258', 'COL-25', 'El Penon', '-74.29128594', '5.249141171'),
            ('COL-25260', 'COL-25', 'El Rosal', '-74.26366739', '4.852214275'),
            ('COL-25269', 'COL-25', 'Facatativa', '-74.35022793', '4.813064178'),
            ('COL-25279', 'COL-25', 'Fomeque', '-73.89252259', '4.485474345'),
            ('COL-25281', 'COL-25', 'Fosca', '-73.93902036', '4.339092845'),
            ('COL-25286', 'COL-25', 'Funza', '-74.211525', '4.712763015'),
            ('COL-25288', 'COL-25', 'Fuquene', '-73.79585543', '5.404040766'),
            ('COL-25290', 'COL-25', 'Fusagasuga', '-74.36633393', '4.338480851'),
            ('COL-25293', 'COL-25', 'Gachala', '-73.52016136', '4.693578672'),
            ('COL-25295', 'COL-25', 'Gachancipa', '-73.87346922', '4.990918172'),
            ('COL-25297', 'COL-25', 'Gacheta', '-73.63700651', '4.817022162'),
            ('COL-25299', 'COL-25', 'Gama', '-73.61102894', '4.7633382'),
            ('COL-25307', 'COL-25', 'Girardot', '-74.79779459', '4.313078337'),
            ('COL-25312', 'COL-25', 'Granada', '-74.35076611', '4.519763473'),
            ('COL-25317', 'COL-25', 'Guacheta', '-73.68709822', '5.383741192'),
            ('COL-25320', 'COL-25', 'Guaduas', '-74.60295627', '5.071870533'),
            ('COL-25322', 'COL-25', 'Guasca', '-73.87714344', '4.866719147'),
            ('COL-25324', 'COL-25', 'Guataqui', '-74.78996878', '4.517417235'),
            ('COL-25326', 'COL-25', 'Guatavita', '-73.83287404', '4.934139703'),
            ('COL-25328', 'COL-25', 'Guayabal De Siquima', '-74.46743733', '4.877968134');
-- DML Table General_City
INSERT INTO General_City (CityCode, StateCode, CityName, Longitude, Latitude)
     VALUES ('COL-25335', 'COL-25', 'Guayabetal', '-73.81509376', '4.215296629'),
            ('COL-25339', 'COL-25', 'Gutierrez', '-74.0030419', '4.254678867'),
            ('COL-25368', 'COL-25', 'Jerusalen', '-74.69541923', '4.562308267'),
            ('COL-25372', 'COL-25', 'Junin', '-73.66292455', '4.790379974'),
            ('COL-25377', 'COL-25', 'La Calera', '-73.96974496', '4.720344521'),
            ('COL-25386', 'COL-25', 'La Mesa', '-74.46154474', '4.631044239'),
            ('COL-25394', 'COL-25', 'La Palma', '-74.39102017', '5.358816711'),
            ('COL-25398', 'COL-25', 'La Pena', '-74.39308873', '5.200211147'),
            ('COL-25402', 'COL-25', 'La Vega', '-74.33113821', '4.993077034'),
            ('COL-25407', 'COL-25', 'Lenguazaque', '-73.71149354', '5.306143499'),
            ('COL-25426', 'COL-25', 'Macheta', '-73.608325', '5.080198921'),
            ('COL-25430', 'COL-25', 'Madrid', '-74.26562577', '4.736129766'),
            ('COL-25436', 'COL-25', 'Manta', '-73.54050247', '5.009058389'),
            ('COL-25438', 'COL-25', 'Medina', '-73.34912272', '4.50661493'),
            ('COL-25473', 'COL-25', 'Mosquera', '-74.23177508', '4.711371201'),
            ('COL-25483', 'COL-25', 'Narino', '-74.82473179', '4.399836799'),
            ('COL-25486', 'COL-25', 'Nemocon', '-73.87962974', '5.067364638'),
            ('COL-25488', 'COL-25', 'Nilo', '-74.61996587', '4.305801421'),
            ('COL-25489', 'COL-25', 'Nimaima', '-74.38600738', '5.126026248'),
            ('COL-25491', 'COL-25', 'Nocaima', '-74.37772796', '5.068933019'),
            ('COL-25506', 'COL-25', 'Venecia', '-74.47817821', '4.088960943'),
            ('COL-25513', 'COL-25', 'Pacho', '-74.15611662', '5.136942297'),
            ('COL-25518', 'COL-25', 'Paime', '-74.15221288', '5.37048741'),
            ('COL-25524', 'COL-25', 'Pandi', '-74.48664128', '4.190392561'),
            ('COL-25530', 'COL-25', 'Paratebueno', '-73.21282724', '4.374832781'),
            ('COL-25535', 'COL-25', 'Pasca', '-74.30545993', '4.309854412'),
            ('COL-25572', 'COL-25', 'Puerto Salgar', '-74.6528007', '5.464956044'),
            ('COL-25580', 'COL-25', 'Puli', '-74.71447646', '4.681785104'),
            ('COL-25592', 'COL-25', 'Quebradanegra', '-74.48014501', '5.118071005'),
            ('COL-25594', 'COL-25', 'Quetame', '-73.86311388', '4.329825602'),
            ('COL-25596', 'COL-25', 'Quipile', '-74.53370501', '4.744809893'),
            ('COL-25599', 'COL-25', 'Apulo', '-74.59380454', '4.520347219'),
            ('COL-25612', 'COL-25', 'Ricaurte', '-74.78454297', '4.293949747'),
            ('COL-25645', 'COL-25', 'San Antonio Del Tequendama', '-74.35144269', '4.616138045'),
            ('COL-25649', 'COL-25', 'San Bernardo', '-74.42296242', '4.179432363'),
            ('COL-25653', 'COL-25', 'San Cayetano', '-74.02475397', '5.332937545'),
            ('COL-25658', 'COL-25', 'San Francisco', '-74.28967198', '4.97291694'),
            ('COL-25662', 'COL-25', 'San Juan De Rioseco', '-74.62191472', '4.847575999'),
            ('COL-25718', 'COL-25', 'Sasaima', '-74.43262795', '4.962166987'),
            ('COL-25736', 'COL-25', 'Sesquile', '-73.79612783', '5.044729613'),
            ('COL-25740', 'COL-25', 'Sibate', '-74.25899225', '4.489763593'),
            ('COL-25743', 'COL-25', 'Silvania', '-74.40552821', '4.381941157'),
            ('COL-25745', 'COL-25', 'Simijaca', '-73.85032035', '5.505428098'),
            ('COL-25754', 'COL-25', 'Soacha', '-74.21452753', '4.585491658'),
            ('COL-25758', 'COL-25', 'Sopo', '-73.94577489', '4.906330809'),
            ('COL-25769', 'COL-25', 'Subachoque', '-74.17270846', '4.929079289'),
            ('COL-25772', 'COL-25', 'Suesca', '-73.79828978', '5.103516839'),
            ('COL-25777', 'COL-25', 'Supata', '-74.23540301', '5.061619547'),
            ('COL-25779', 'COL-25', 'Susa', '-73.81400325', '5.454868004'),
            ('COL-25781', 'COL-25', 'Sutatausa', '-73.85315889', '5.247482313'),
            ('COL-25785', 'COL-25', 'Tabio', '-74.09618339', '4.917202192'),
            ('COL-25793', 'COL-25', 'Tausa', '-73.88647267', '5.196555039'),
            ('COL-25797', 'COL-25', 'Tena', '-74.38953312', '4.655339153'),
            ('COL-25799', 'COL-25', 'Tenjo', '-74.14395621', '4.871960537'),
            ('COL-25805', 'COL-25', 'Tibacuy', '-74.45234352', '4.348314659'),
            ('COL-25807', 'COL-25', 'Tibirita', '-73.50451403', '5.052277838'),
            ('COL-25815', 'COL-25', 'Tocaima', '-74.63630492', '4.459270864'),
            ('COL-25817', 'COL-25', 'Tocancipa', '-73.91209121', '4.964786354'),
            ('COL-25823', 'COL-25', 'Topaipi', '-74.30268797', '5.33597335'),
            ('COL-25839', 'COL-25', 'Ubala', '-73.53397993', '4.743901408'),
            ('COL-25841', 'COL-25', 'Ubaque', '-73.93346087', '4.483802095'),
            ('COL-25843', 'COL-25', 'Villa De San Diego De Ubate', '-73.81434634', '5.307540984'),
            ('COL-25845', 'COL-25', 'Une', '-74.02518226', '4.402450393'),
            ('COL-25851', 'COL-25', 'Utica', '-74.48312029', '5.190590104'),
            ('COL-25862', 'COL-25', 'Vergara', '-74.34636043', '5.117304568'),
            ('COL-25867', 'COL-25', 'Viani', '-74.56132662', '4.875205217'),
            ('COL-25871', 'COL-25', 'Villagomez', '-74.19514546', '5.273023755'),
            ('COL-25873', 'COL-25', 'Villapinzon', '-73.59535467', '5.216438372'),
            ('COL-25875', 'COL-25', 'Villeta', '-74.46970495', '5.012790639'),
            ('COL-25878', 'COL-25', 'Viota', '-74.52316032', '4.439355814'),
            ('COL-25885', 'COL-25', 'Yacopi', '-74.33802435', '5.459290341'),
            ('COL-25898', 'COL-25', 'Zipacon', '-74.37959142', '4.759924886'),
            ('COL-25899', 'COL-25', 'Zipaquira', '-73.99447124', '5.025471685'),
            ('COL-27001', 'COL-27', 'Quibdo', '-76.62596936', '5.692195187'),
            ('COL-27006', 'COL-27', 'Acandi', '-77.28009788', '8.511405952'),
            ('COL-27025', 'COL-27', 'Alto Baudo', '-76.97439919', '5.516309869'),
            ('COL-27050', 'COL-27', 'Atrato', '-76.63503746', '5.531373511'),
            ('COL-27073', 'COL-27', 'Bagado', '-76.41529299', '5.41055496'),
            ('COL-27075', 'COL-27', 'Bahia Solano', '-77.40275035', '6.22224546'),
            ('COL-27077', 'COL-27', 'Bajo Baudo', '-77.36540999', '4.954626672'),
            ('COL-27099', 'COL-27', 'Bojaya', '-76.88346949', '6.556257444'),
            ('COL-27135', 'COL-27', 'El Canton Del San Pablo', '-76.72685005', '5.33533532'),
            ('COL-27150', 'COL-27', 'Carmen Del Darien', '-76.97071697', '7.158402966'),
            ('COL-27160', 'COL-27', 'Certegui', '-76.60802121', '5.37041379'),
            ('COL-27205', 'COL-27', 'Condoto', '-76.65068266', '5.091003208'),
            ('COL-27245', 'COL-27', 'El Carmen De Atrato', '-76.14222986', '5.899751361'),
            ('COL-27250', 'COL-27', 'El Litoral Del San Juan', '-77.35983784', '4.256766706'),
            ('COL-27361', 'COL-27', 'Istmina', '-76.68518032', '5.153946496'),
            ('COL-27372', 'COL-27', 'Jurado', '-77.76275092', '7.103619083'),
            ('COL-27413', 'COL-27', 'Lloro', '-76.54521063', '5.498150801'),
            ('COL-27425', 'COL-27', 'Medio Atrato', '-76.78241422', '5.994835471'),
            ('COL-27430', 'COL-27', 'Medio Baudo', '-76.94960604', '5.193563954'),
            ('COL-27450', 'COL-27', 'Medio San Juan', '-76.69335794', '5.100240747'),
            ('COL-27491', 'COL-27', 'Novita', '-76.60711814', '4.956097009'),
            ('COL-27495', 'COL-27', 'Nuqui', '-77.26290346', '5.711957236'),
            ('COL-27580', 'COL-27', 'Rio Iro', '-76.47292479', '5.186299794'),
            ('COL-27600', 'COL-27', 'Rio Quito', '-76.74101656', '5.483727751'),
            ('COL-27615', 'COL-27', 'Riosucio', '-77.11310959', '7.436631552'),
            ('COL-27660', 'COL-27', 'San Jose Del Palmar', '-76.23284882', '4.89759308'),
            ('COL-27745', 'COL-27', 'Sipi', '-76.64440389', '4.651204152'),
            ('COL-27787', 'COL-27', 'Tado', '-76.55876602', '5.264139949'),
            ('COL-27800', 'COL-27', 'Unguia', '-77.09175303', '8.042760782'),
            ('COL-27810', 'COL-27', 'Union Panamericana', '-76.62840607', '5.281095852'),
            ('COL-41001', 'COL-41', 'Neiva', '-75.27772259', '2.935604415'),
            ('COL-41006', 'COL-41', 'Acevedo', '-75.88853156', '1.805263228'),
            ('COL-41013', 'COL-41', 'Agrado', '-75.77190358', '2.259729394'),
            ('COL-41016', 'COL-41', 'Aipe', '-75.23903118', '3.223597562'),
            ('COL-41020', 'COL-41', 'Algeciras', '-75.31537288', '2.522447597'),
            ('COL-41026', 'COL-41', 'Altamira', '-75.7883629', '2.063710886'),
            ('COL-41078', 'COL-41', 'Baraya', '-75.05427025', '3.153198541'),
            ('COL-41132', 'COL-41', 'Campoalegre', '-75.32573546', '2.686827401'),
            ('COL-41206', 'COL-41', 'Colombia', '-74.80281318', '3.376977129'),
            ('COL-41244', 'COL-41', 'Elias', '-75.93801084', '2.012697094'),
            ('COL-41298', 'COL-41', 'Garzon', '-75.62769374', '2.196994421'),
            ('COL-41306', 'COL-41', 'Gigante', '-75.54121989', '2.388235625'),
            ('COL-41319', 'COL-41', 'Guadalupe', '-75.75502825', '2.025157323'),
            ('COL-41349', 'COL-41', 'Hobo', '-75.45115097', '2.582867976'),
            ('COL-41357', 'COL-41', 'Iquira', '-75.63449748', '2.64935907'),
            ('COL-41359', 'COL-41', 'Isnos', '-76.21763745', '1.92946706'),
            ('COL-41378', 'COL-41', 'La Argentina', '-75.97976842', '2.198246252'),
            ('COL-41396', 'COL-41', 'La Plata', '-75.89145131', '2.389646694'),
            ('COL-41483', 'COL-41', 'Nataga', '-75.80878532', '2.545352901'),
            ('COL-41503', 'COL-41', 'Oporapa', '-75.99517781', '2.025054002'),
            ('COL-41518', 'COL-41', 'Paicol', '-75.77299232', '2.449548949'),
            ('COL-41524', 'COL-41', 'Palermo', '-75.43371912', '2.888406236'),
            ('COL-41530', 'COL-41', 'Palestina', '-76.13312235', '1.723444181'),
            ('COL-41548', 'COL-41', 'Pital', '-75.80400492', '2.266679376'),
            ('COL-41551', 'COL-41', 'Pitalito', '-76.0487449', '1.852578355'),
            ('COL-41615', 'COL-41', 'Rivera', '-75.25854672', '2.777570516'),
            ('COL-41660', 'COL-41', 'Saladoblanco', '-76.04414126', '1.992494881'),
            ('COL-41668', 'COL-41', 'San Agustin', '-76.27035968', '1.881081298'),
            ('COL-41676', 'COL-41', 'Santa Maria', '-75.58611594', '2.939755223'),
            ('COL-41770', 'COL-41', 'Suaza', '-75.7950558', '1.97584609'),
            ('COL-41791', 'COL-41', 'Tarqui', '-75.82357508', '2.111321102'),
            ('COL-41797', 'COL-41', 'Tesalia', '-75.72984017', '2.486050264'),
            ('COL-41799', 'COL-41', 'Tello', '-75.13877304', '3.067538095'),
            ('COL-41801', 'COL-41', 'Teruel', '-75.56703425', '2.740968416'),
            ('COL-41807', 'COL-41', 'Timana', '-75.932087', '1.974224443'),
            ('COL-41872', 'COL-41', 'Villavieja', '-75.21724434', '3.22076759'),
            ('COL-41885', 'COL-41', 'Yaguara', '-75.51802329', '2.664694213'),
            ('COL-44001', 'COL-44', 'Riohacha', '-72.91148891', '11.52875138'),
            ('COL-44035', 'COL-44', 'Albania', '-72.59852163', '11.15748865'),
            ('COL-44078', 'COL-44', 'Barrancas', '-72.79357567', '10.95866671'),
            ('COL-44090', 'COL-44', 'Dibulla', '-73.30761979', '11.2715694'),
            ('COL-44098', 'COL-44', 'Distraccion', '-72.88739268', '10.89847259'),
            ('COL-44110', 'COL-44', 'El Molino', '-72.92674334', '10.65350251'),
            ('COL-44279', 'COL-44', 'Fonseca', '-72.84666224', '10.88430067'),
            ('COL-44378', 'COL-44', 'Hatonuevo', '-72.75901658', '11.06874303'),
            ('COL-44420', 'COL-44', 'La Jagua Del Pilar', '-73.07167902', '10.51021405'),
            ('COL-44430', 'COL-44', 'Maicao', '-72.24190502', '11.37832678'),
            ('COL-44560', 'COL-44', 'Manaure', '-72.43966737', '11.77405659'),
            ('COL-44650', 'COL-44', 'San Juan Del Cesar', '-73.00059321', '10.76957868'),
            ('COL-44847', 'COL-44', 'Uribia', '-72.26476063', '11.71464582'),
            ('COL-44855', 'COL-44', 'Urumita', '-73.01250679', '10.56016864'),
            ('COL-44874', 'COL-44', 'Villanueva', '-72.97762278', '10.60881169'),
            ('COL-47001', 'COL-47', 'Santa Marta', '-74.19089412', '11.2294335'),
            ('COL-47030', 'COL-47', 'Algarrobo', '-74.06113245', '10.18803886'),
            ('COL-47053', 'COL-47', 'Aracataca', '-74.18676284', '10.58980001'),
            ('COL-47058', 'COL-47', 'Ariguani', '-74.23649889', '9.847057076'),
            ('COL-47161', 'COL-47', 'Cerro De San Antonio', '-74.868473', '10.32565943'),
            ('COL-47170', 'COL-47', 'Chivolo', '-74.62313794', '10.02684116'),
            ('COL-47189', 'COL-47', 'Cienaga', '-74.24128616', '11.00665688'),
            ('COL-47205', 'COL-47', 'Concordia', '-74.8330299', '10.25731061'),
            ('COL-47245', 'COL-47', 'El Banco', '-73.97428121', '9.008733009'),
            ('COL-47258', 'COL-47', 'El Pinon', '-74.82329109', '10.40309454'),
            ('COL-47268', 'COL-47', 'El Reten', '-74.2684561', '10.61066766'),
            ('COL-47288', 'COL-47', 'Fundacion', '-74.19134346', '10.5140924'),
            ('COL-47318', 'COL-47', 'Guamal', '-74.22369928', '9.144385832'),
            ('COL-47460', 'COL-47', 'Nueva Granada', '-74.39223564', '9.801547971'),
            ('COL-47541', 'COL-47', 'Pedraza', '-74.91545773', '10.18820578'),
            ('COL-47545', 'COL-47', 'Pijino Del Carmen', '-74.45821824', '9.331953112'),
            ('COL-47551', 'COL-47', 'Pivijay', '-74.61351795', '10.46069324'),
            ('COL-47555', 'COL-47', 'Plato', '-74.78468286', '9.796769868'),
            ('COL-47570', 'COL-47', 'Puebloviejo', '-74.28248423', '10.99482965'),
            ('COL-47605', 'COL-47', 'Remolino', '-74.71614047', '10.70217005'),
            ('COL-47660', 'COL-47', 'Sabanas De San Angel', '-74.2139389', '10.03253601'),
            ('COL-47675', 'COL-47', 'Salamina', '-74.79418892', '10.49122904'),
            ('COL-47692', 'COL-47', 'San Sebastian De Buenavista', '-74.35167514', '9.24050525'),
            ('COL-47703', 'COL-47', 'San Zenon', '-74.4989915', '9.245060603'),
            ('COL-47707', 'COL-47', 'Santa Ana', '-74.56765762', '9.321837859'),
            ('COL-47720', 'COL-47', 'Santa Barbara De Pinto', '-74.70468582', '9.432257137'),
            ('COL-47745', 'COL-47', 'Sitionuevo', '-74.72016921', '10.77540964'),
            ('COL-47798', 'COL-47', 'Tenerife', '-74.8607752', '9.897787141'),
            ('COL-47960', 'COL-47', 'Zapayan', '-74.71687797', '10.16829671'),
            ('COL-47980', 'COL-47', 'Zona Bananera', '-74.14008184', '10.76302682'),
            ('COL-50001', 'COL-50', 'Villavicencio', '-73.62709204', '4.1238615'),
            ('COL-50006', 'COL-50', 'Acacias', '-73.76593665', '3.990120663'),
            ('COL-50110', 'COL-50', 'Barranca De Upia', '-72.96433381', '4.570622971'),
            ('COL-50124', 'COL-50', 'Cabuyaro', '-72.79197878', '4.285923848'),
            ('COL-50150', 'COL-50', 'Castilla La Nueva', '-73.6881296', '3.828040352'),
            ('COL-50223', 'COL-50', 'Cubarral', '-73.83921349', '3.794089465'),
            ('COL-50226', 'COL-50', 'Cumaral', '-73.48610878', '4.269537766'),
            ('COL-50245', 'COL-50', 'El Calvario', '-73.71332879', '4.352622053'),
            ('COL-50251', 'COL-50', 'El Castillo', '-73.79401276', '3.563834019'),
            ('COL-50270', 'COL-50', 'El Dorado', '-73.835012', '3.740004078'),
            ('COL-50287', 'COL-50', 'Fuentedeoro', '-73.61798161', '3.462868031'),
            ('COL-50313', 'COL-50', 'Granada', '-73.70571533', '3.546694724'),
            ('COL-50318', 'COL-50', 'Guamal', '-73.77033863', '3.880638599'),
            ('COL-50325', 'COL-50', 'Mapiripan', '-72.13564487', '2.896439137'),
            ('COL-50330', 'COL-50', 'Mesetas', '-74.04368085', '3.383924761'),
            ('COL-50350', 'COL-50', 'La Macarena', '-73.78706882', '2.17821427'),
            ('COL-50370', 'COL-50', 'Uribe', '-74.35154535', '3.239652997'),
            ('COL-50400', 'COL-50', 'Lejanias', '-74.024022', '3.525919845'),
            ('COL-50450', 'COL-50', 'Puerto Concordia', '-72.76004759', '2.623082153'),
            ('COL-50568', 'COL-50', 'Puerto Gaitan', '-72.08307894', '4.314487455'),
            ('COL-50573', 'COL-50', 'Puerto Lopez', '-72.95743626', '4.093406425'),
            ('COL-50577', 'COL-50', 'Puerto Lleras', '-73.37374343', '3.269732439'),
            ('COL-50590', 'COL-50', 'Puerto Rico', '-73.20651333', '2.939743676'),
            ('COL-50606', 'COL-50', 'Restrepo', '-73.56460418', '4.260731994'),
            ('COL-50680', 'COL-50', 'San Carlos De Guaroa', '-73.24140912', '3.71053664'),
            ('COL-50683', 'COL-50', 'San Juan De Arama', '-73.87583154', '3.373727874'),
            ('COL-50686', 'COL-50', 'San Juanito', '-73.67669903', '4.458180005'),
            ('COL-50689', 'COL-50', 'San Martin', '-73.69561782', '3.701879876'),
            ('COL-50711', 'COL-50', 'Vistahermosa', '-73.75116676', '3.1257521'),
            ('COL-52001', 'COL-52', 'Pasto', '-77.27857635', '1.212124365'),
            ('COL-52019', 'COL-52', 'Alban', '-77.08071233', '1.474978015'),
            ('COL-52022', 'COL-52', 'Aldana', '-77.70035656', '0.882181195'),
            ('COL-52036', 'COL-52', 'Ancuya', '-77.51451329', '1.263299977'),
            ('COL-52051', 'COL-52', 'Arboleda', '-77.13539889', '1.503536564'),
            ('COL-52079', 'COL-52', 'Barbacoas', '-78.13989493', '1.670345194'),
            ('COL-52083', 'COL-52', 'Belen', '-77.01566573', '1.595676066'),
            ('COL-52110', 'COL-52', 'Buesaco', '-77.15647975', '1.381434415'),
            ('COL-52203', 'COL-52', 'Colon', '-77.01977704', '1.643874302'),
            ('COL-52207', 'COL-52', 'Consaca', '-77.46510211', '1.207623056'),
            ('COL-52210', 'COL-52', 'Contadero', '-77.54940902', '0.910457863'),
            ('COL-52215', 'COL-52', 'Cordoba', '-77.51789656', '0.854564418'),
            ('COL-52224', 'COL-52', 'Cuaspud Carlosama', '-77.72894683', '0.862978103'),
            ('COL-52227', 'COL-52', 'Cumbal', '-77.79227662', '0.906185361'),
            ('COL-52233', 'COL-52', 'Cumbitara', '-77.57814673', '1.646845971'),
            ('COL-52240', 'COL-52', 'Chachagui', '-77.28170144', '1.36032802'),
            ('COL-52250', 'COL-52', 'El Charco', '-78.109849', '2.477550593'),
            ('COL-52254', 'COL-52', 'El Penol', '-77.43785937', '1.452892601'),
            ('COL-52256', 'COL-52', 'El Rosario', '-77.33456556', '1.742475705'),
            ('COL-52258', 'COL-52', 'El Tablon De Gomez', '-77.09673083', '1.427054031'),
            ('COL-52260', 'COL-52', 'El Tambo', '-77.39020466', '1.407643422'),
            ('COL-52287', 'COL-52', 'Funes', '-77.4489786', '1.001135181'),
            ('COL-52317', 'COL-52', 'Guachucal', '-77.73158986', '0.959743484'),
            ('COL-52320', 'COL-52', 'Guaitarilla', '-77.54968882', '1.129632504'),
            ('COL-52323', 'COL-52', 'Gualmatan', '-77.56681512', '0.91980291'),
            ('COL-52352', 'COL-52', 'Iles', '-77.5209759', '0.969205287'),
            ('COL-52354', 'COL-52', 'Imues', '-77.49617816', '1.055137709'),
            ('COL-52356', 'COL-52', 'Ipiales', '-77.64640075', '0.827734241'),
            ('COL-52378', 'COL-52', 'La Cruz', '-76.97053174', '1.601339314'),
            ('COL-52381', 'COL-52', 'La Florida', '-77.40643084', '1.299192232'),
            ('COL-52385', 'COL-52', 'La Llanada', '-77.58071165', '1.472636197'),
            ('COL-52390', 'COL-52', 'La Tola', '-78.19039205', '2.398212191'),
            ('COL-52399', 'COL-52', 'La Union', '-77.13115435', '1.600268613'),
            ('COL-52405', 'COL-52', 'Leiva', '-77.30621378', '1.934516214'),
            ('COL-52411', 'COL-52', 'Linares', '-77.52193996', '1.351145073'),
            ('COL-52418', 'COL-52', 'Los Andes', '-77.52132596', '1.494547405'),
            ('COL-52427', 'COL-52', 'Magui', '-78.18106078', '1.765313671'),
            ('COL-52435', 'COL-52', 'Mallama', '-77.86442829', '1.14083897'),
            ('COL-52473', 'COL-52', 'Mosquera', '-78.45298541', '2.507116414'),
            ('COL-52480', 'COL-52', 'Narino', '-77.35797213', '1.288978992'),
            ('COL-52490', 'COL-52', 'Olaya Herrera', '-78.32561871', '2.347584488'),
            ('COL-52506', 'COL-52', 'Ospina', '-77.56606698', '1.058491691'),
            ('COL-52520', 'COL-52', 'Francisco Pizarro', '-78.65818187', '2.040809056'),
            ('COL-52540', 'COL-52', 'Policarpa', '-77.45926539', '1.62813872'),
            ('COL-52560', 'COL-52', 'Potosi', '-77.57279178', '0.806340417'),
            ('COL-52565', 'COL-52', 'Providencia', '-77.59659215', '1.237691504'),
            ('COL-52573', 'COL-52', 'Puerres', '-77.50421065', '0.885125175'),
            ('COL-52585', 'COL-52', 'Pupiales', '-77.63350443', '0.867139628'),
            ('COL-52612', 'COL-52', 'Ricaurte', '-77.99544487', '1.212931458'),
            ('COL-52621', 'COL-52', 'Roberto Payan', '-78.24566252', '1.697744768'),
            ('COL-52678', 'COL-52', 'Samaniego', '-77.59445713', '1.335351879'),
            ('COL-52683', 'COL-52', 'Sandona', '-77.46956757', '1.28613693'),
            ('COL-52685', 'COL-52', 'San Bernardo', '-77.04740277', '1.514253666'),
            ('COL-52687', 'COL-52', 'San Lorenzo', '-77.21523165', '1.503340987'),
            ('COL-52693', 'COL-52', 'San Pablo', '-77.01392439', '1.669426894'),
            ('COL-52694', 'COL-52', 'San Pedro De Cartago', '-77.1191975', '1.551658844'),
            ('COL-52696', 'COL-52', 'Santa Barbara', '-77.97908278', '2.449548194'),
            ('COL-52699', 'COL-52', 'Santacruz', '-77.67702224', '1.221985919'),
            ('COL-52720', 'COL-52', 'Sapuyes', '-77.62030027', '1.037527856'),
            ('COL-52786', 'COL-52', 'Taminango', '-77.2802216', '1.570047767'),
            ('COL-52788', 'COL-52', 'Tangua', '-77.39269418', '1.094880515'),
            ('COL-52835', 'COL-52', 'San Andres De Tumaco', '-78.76385415', '1.80711725'),
            ('COL-52838', 'COL-52', 'Tuquerres', '-77.61688638', '1.085193359'),
            ('COL-52885', 'COL-52', 'Yacuanquer', '-77.40282382', '1.114556241'),
            ('COL-54001', 'COL-54', 'Cucuta', '-72.5082562', '7.905306295'),
            ('COL-54003', 'COL-54', 'Abrego', '-73.2217344', '8.081784141'),
            ('COL-54051', 'COL-54', 'Arboledas', '-72.79887452', '7.64297044'),
            ('COL-54099', 'COL-54', 'Bochalema', '-72.64703809', '7.612168052'),
            ('COL-54109', 'COL-54', 'Bucarasica', '-72.86795437', '8.041167343'),
            ('COL-54125', 'COL-54', 'Cacota', '-72.64205884', '7.268705462'),
            ('COL-54128', 'COL-54', 'Cachira', '-73.04874552', '7.740905158'),
            ('COL-54172', 'COL-54', 'Chinacota', '-72.60467824', '7.600957669'),
            ('COL-54174', 'COL-54', 'Chitaga', '-72.66543492', '7.138122324'),
            ('COL-54206', 'COL-54', 'Convencion', '-73.33720845', '8.470368933'),
            ('COL-54223', 'COL-54', 'Cucutilla', '-72.77257191', '7.538987137'),
            ('COL-54239', 'COL-54', 'Durania', '-72.65860469', '7.714779625'),
            ('COL-54245', 'COL-54', 'El Carmen', '-73.44668712', '8.510578756'),
            ('COL-54250', 'COL-54', 'El Tarra', '-73.09484592', '8.576771365'),
            ('COL-54261', 'COL-54', 'El Zulia', '-72.60466818', '7.938229487'),
            ('COL-54313', 'COL-54', 'Gramalote', '-72.78683006', '7.916581824'),
            ('COL-54344', 'COL-54', 'Hacari', '-73.14597535', '8.321714562'),
            ('COL-54347', 'COL-54', 'Herran', '-72.48351934', '7.506540865'),
            ('COL-54377', 'COL-54', 'Labateca', '-72.49587415', '7.298339256'),
            ('COL-54385', 'COL-54', 'La Esperanza', '-73.32789745', '7.639990913'),
            ('COL-54398', 'COL-54', 'La Playa', '-73.23864867', '8.212627106'),
            ('COL-54405', 'COL-54', 'Los Patios', '-72.50571256', '7.833256289'),
            ('COL-54418', 'COL-54', 'Lourdes', '-72.83251126', '7.944519557'),
            ('COL-54480', 'COL-54', 'Mutiscua', '-72.74713854', '7.300280499'),
            ('COL-54498', 'COL-54', 'Ocana', '-73.3558144', '8.247453792'),
            ('COL-54518', 'COL-54', 'Pamplona', '-72.64768144', '7.37285018'),
            ('COL-54520', 'COL-54', 'Pamplonita', '-72.63920376', '7.43674668'),
            ('COL-54553', 'COL-54', 'Puerto Santander', '-72.41031378', '8.360945615'),
            ('COL-54599', 'COL-54', 'Ragonvalia', '-72.47670824', '7.577861415'),
            ('COL-54660', 'COL-54', 'Salazar', '-72.81312435', '7.773671228'),
            ('COL-54670', 'COL-54', 'San Calixto', '-73.20605269', '8.40015189'),
            ('COL-54673', 'COL-54', 'San Cayetano', '-72.62541163', '7.875532739'),
            ('COL-54680', 'COL-54', 'Santiago', '-72.71661777', '7.86516264'),
            ('COL-54720', 'COL-54', 'Sardinata', '-72.80075838', '8.082013666'),
            ('COL-54743', 'COL-54', 'Silos', '-72.75706248', '7.204786615'),
            ('COL-54800', 'COL-54', 'Teorama', '-73.28740929', '8.436377338'),
            ('COL-54810', 'COL-54', 'Tibu', '-72.73591863', '8.639548853'),
            ('COL-54820', 'COL-54', 'Toledo', '-72.48510732', '7.310031828'),
            ('COL-54871', 'COL-54', 'Villa Caro', '-72.97365239', '7.914278305'),
            ('COL-54874', 'COL-54', 'Villa Del Rosario', '-72.47006734', '7.847487432'),
            ('COL-63001', 'COL-63', 'Armenia', '-75.68075076', '4.535989502'),
            ('COL-63111', 'COL-63', 'Buenavista', '-75.73933006', '4.360325225'),
            ('COL-63130', 'COL-63', 'Calarca', '-75.64908836', '4.515281846'),
            ('COL-63190', 'COL-63', 'Circasia', '-75.63652823', '4.617792043'),
            ('COL-63212', 'COL-63', 'Cordoba', '-75.68786636', '4.392485449'),
            ('COL-63272', 'COL-63', 'Filandia', '-75.65868588', '4.674145572'),
            ('COL-63302', 'COL-63', 'Genova', '-75.78981661', '4.207477888'),
            ('COL-63401', 'COL-63', 'La Tebaida', '-75.78646018', '4.453650416'),
            ('COL-63470', 'COL-63', 'Montenegro', '-75.75181224', '4.562959743'),
            ('COL-63548', 'COL-63', 'Pijao', '-75.703317', '4.33503789'),
            ('COL-63594', 'COL-63', 'Quimbaya', '-75.7650742', '4.624386086'),
            ('COL-63690', 'COL-63', 'Salento', '-75.57084419', '4.637156761'),
            ('COL-66001', 'COL-66', 'Pereira', '-75.71712306', '4.805680265'),
            ('COL-66045', 'COL-66', 'Apia', '-75.94193069', '5.105739367'),
            ('COL-66075', 'COL-66', 'Balboa', '-75.96022168', '4.945769195'),
            ('COL-66088', 'COL-66', 'Belen De Umbria', '-75.86821852', '5.200645376'),
            ('COL-66170', 'COL-66', 'Dosquebradas', '-75.68246912', '4.827187832'),
            ('COL-66318', 'COL-66', 'Guatica', '-75.7993628', '5.316209512'),
            ('COL-66383', 'COL-66', 'La Celia', '-76.00307565', '5.002847301'),
            ('COL-66400', 'COL-66', 'La Virginia', '-75.88405843', '4.898666957'),
            ('COL-66440', 'COL-66', 'Marsella', '-75.73858326', '4.935559519'),
            ('COL-66456', 'COL-66', 'Mistrato', '-75.88286047', '5.297059061'),
            ('COL-66572', 'COL-66', 'Pueblo Rico', '-76.03066815', '5.221912104'),
            ('COL-66594', 'COL-66', 'Quinchia', '-75.7304126', '5.34044568'),
            ('COL-66682', 'COL-66', 'Santa Rosa De Cabal', '-75.62001066', '4.867526454'),
            ('COL-66687', 'COL-66', 'Santuario', '-75.96211553', '5.072781139'),
            ('COL-68001', 'COL-68', 'Bucaramanga', '-73.13259818', '7.116267276'),
            ('COL-68013', 'COL-68', 'Aguada', '-73.52323684', '6.162237533'),
            ('COL-68020', 'COL-68', 'Albania', '-73.91385377', '5.75887024'),
            ('COL-68051', 'COL-68', 'Aratoca', '-73.01784989', '6.694439966'),
            ('COL-68077', 'COL-68', 'Barbosa', '-73.61599887', '5.932609875'),
            ('COL-68079', 'COL-68', 'Barichara', '-73.22309933', '6.634229273'),
            ('COL-68081', 'COL-68', 'Barrancabermeja', '-73.84995698', '7.064963864'),
            ('COL-68092', 'COL-68', 'Betulia', '-73.28366913', '6.899525365'),
            ('COL-68101', 'COL-68', 'Bolivar', '-73.77134641', '5.988952616'),
            ('COL-68121', 'COL-68', 'Cabrera', '-73.2465029', '6.592260802'),
            ('COL-68132', 'COL-68', 'California', '-72.9463583', '7.347884751'),
            ('COL-68147', 'COL-68', 'Capitanejo', '-72.69919959', '6.533179982'),
            ('COL-68152', 'COL-68', 'Carcasi', '-72.62708287', '6.628732408'),
            ('COL-68160', 'COL-68', 'Cepita', '-72.97353646', '6.753518402'),
            ('COL-68162', 'COL-68', 'Cerrito', '-72.69234535', '6.844243582'),
            ('COL-68167', 'COL-68', 'Charala', '-73.14687039', '6.284348897'),
            ('COL-68169', 'COL-68', 'Charta', '-72.96879846', '7.280820472'),
            ('COL-68176', 'COL-68', 'Chima', '-73.37374774', '6.344351721'),
            ('COL-68179', 'COL-68', 'Chipata', '-73.63711064', '6.062520904'),
            ('COL-68190', 'COL-68', 'Cimitarra', '-73.95258212', '6.320681867'),
            ('COL-68207', 'COL-68', 'Concepcion', '-72.69459425', '6.768836528'),
            ('COL-68209', 'COL-68', 'Confines', '-73.24055388', '6.35732749'),
            ('COL-68211', 'COL-68', 'Contratacion', '-73.47442637', '6.290561328'),
            ('COL-68217', 'COL-68', 'Coromoro', '-73.04081675', '6.294994914'),
            ('COL-68229', 'COL-68', 'Curiti', '-73.06939052', '6.605106785'),
            ('COL-68235', 'COL-68', 'El Carmen De Chucuri', '-73.51126774', '6.697911451'),
            ('COL-68245', 'COL-68', 'El Guacamayo', '-73.49689291', '6.245119007'),
            ('COL-68250', 'COL-68', 'El Penon', '-73.81691092', '6.054277046'),
            ('COL-68255', 'COL-68', 'El Playon', '-73.20287793', '7.470719593'),
            ('COL-68264', 'COL-68', 'Encino', '-73.09873802', '6.137402497'),
            ('COL-68266', 'COL-68', 'Enciso', '-72.69964704', '6.66803389'),
            ('COL-68271', 'COL-68', 'Florian', '-73.97142307', '5.804666368'),
            ('COL-68276', 'COL-68', 'Floridablanca', '-73.09903262', '7.072360403'),
            ('COL-68296', 'COL-68', 'Galan', '-73.28776473', '6.638415002'),
            ('COL-68298', 'COL-68', 'Gambita', '-73.34418354', '5.945981203'),
            ('COL-68307', 'COL-68', 'Giron', '-73.16825587', '7.072775109'),
            ('COL-68318', 'COL-68', 'Guaca', '-72.85632201', '6.876563452'),
            ('COL-68320', 'COL-68', 'Guadalupe', '-73.41929203', '6.245846765'),
            ('COL-68322', 'COL-68', 'Guapota', '-73.32069909', '6.308588013'),
            ('COL-68324', 'COL-68', 'Guavata', '-73.7008021', '5.954136076'),
            ('COL-68327', 'COL-68', 'Guepsa', '-73.57532595', '6.024849176'),
            ('COL-68344', 'COL-68', 'Hato', '-73.30814481', '6.542963886'),
            ('COL-68368', 'COL-68', 'Jesus Maria', '-73.78332817', '5.876543464'),
            ('COL-68370', 'COL-68', 'Jordan', '-73.09605306', '6.732727095'),
            ('COL-68377', 'COL-68', 'La Belleza', '-73.96562587', '5.859549848'),
            ('COL-68385', 'COL-68', 'Landazuri', '-73.81108528', '6.218748615'),
            ('COL-68397', 'COL-68', 'La Paz', '-73.58959003', '6.178509326'),
            ('COL-68406', 'COL-68', 'Lebrija', '-73.21955144', '7.113356081'),
            ('COL-68418', 'COL-68', 'Los Santos', '-73.10265667', '6.755175194'),
            ('COL-68425', 'COL-68', 'Macaravita', '-72.59310546', '6.506580428'),
            ('COL-68432', 'COL-68', 'Malaga', '-72.7323798', '6.703058458'),
            ('COL-68444', 'COL-68', 'Matanza', '-73.01556564', '7.323175124'),
            ('COL-68464', 'COL-68', 'Mogotes', '-72.96981379', '6.475209953'),
            ('COL-68468', 'COL-68', 'Molagavita', '-72.80947223', '6.674357231'),
            ('COL-68498', 'COL-68', 'Ocamonte', '-73.12256304', '6.33998773'),
            ('COL-68500', 'COL-68', 'Oiba', '-73.29978602', '6.265175133'),
            ('COL-68502', 'COL-68', 'Onzaga', '-72.81675984', '6.344093685'),
            ('COL-68522', 'COL-68', 'Palmar', '-73.29109018', '6.537789332'),
            ('COL-68524', 'COL-68', 'Palmas Del Socorro', '-73.28776397', '6.406138656'),
            ('COL-68533', 'COL-68', 'Paramo', '-73.17039954', '6.416592378'),
            ('COL-68547', 'COL-68', 'Piedecuesta', '-73.05466085', '6.997475804'),
            ('COL-68549', 'COL-68', 'Pinchote', '-73.17291432', '6.53206027'),
            ('COL-68572', 'COL-68', 'Puente Nacional', '-73.6781341', '5.877962665'),
            ('COL-68573', 'COL-68', 'Puerto Parra', '-74.05609429', '6.650806702'),
            ('COL-68575', 'COL-68', 'Puerto Wilches', '-73.89933402', '7.349066144'),
            ('COL-68615', 'COL-68', 'Rionegro', '-73.15014691', '7.265010486'),
            ('COL-68655', 'COL-68', 'Sabana De Torres', '-73.49905016', '7.391911944'),
            ('COL-68669', 'COL-68', 'San Andres', '-72.84880424', '6.812310152'),
            ('COL-68673', 'COL-68', 'San Benito', '-73.50938735', '6.126244581'),
            ('COL-68679', 'COL-68', 'San Gil', '-73.1368815', '6.555609467'),
            ('COL-68682', 'COL-68', 'San Joaquin', '-72.86763812', '6.427547936'),
            ('COL-68684', 'COL-68', 'San Jose De Miranda', '-72.73361596', '6.658994797'),
            ('COL-68686', 'COL-68', 'San Miguel', '-72.64415509', '6.575625393'),
            ('COL-68689', 'COL-68', 'San Vicente De Chucuri', '-73.41102393', '6.880382935'),
            ('COL-68705', 'COL-68', 'Santa Barbara', '-72.90733628', '6.990510681'),
            ('COL-68720', 'COL-68', 'Santa Helena Del Opon', '-73.61679327', '6.33964535'),
            ('COL-68745', 'COL-68', 'Simacota', '-73.33736767', '6.443471137'),
            ('COL-68755', 'COL-68', 'Socorro', '-73.26119642', '6.463855516'),
            ('COL-68770', 'COL-68', 'Suaita', '-73.43841636', '6.103542295'),
            ('COL-68773', 'COL-68', 'Sucre', '-73.79097463', '5.918743412'),
            ('COL-68780', 'COL-68', 'Surata', '-72.98423197', '7.366579569'),
            ('COL-68820', 'COL-68', 'Tona', '-72.96601826', '7.202735241'),
            ('COL-68855', 'COL-68', 'Valle De San Jose', '-73.14373727', '6.447789687'),
            ('COL-68861', 'COL-68', 'Velez', '-73.66629907', '6.010953449'),
            ('COL-68867', 'COL-68', 'Vetas', '-72.87104088', '7.309810023'),
            ('COL-68872', 'COL-68', 'Villanueva', '-73.17430669', '6.670077672'),
            ('COL-68895', 'COL-68', 'Zapatoca', '-73.26791008', '6.8143389'),
            ('COL-70001', 'COL-70', 'Sincelejo', '-75.39548356', '9.302333104'),
            ('COL-70110', 'COL-70', 'Buenavista', '-74.973015', '9.319857278'),
            ('COL-70124', 'COL-70', 'Caimito', '-75.11714082', '8.789323934'),
            ('COL-70204', 'COL-70', 'Coloso', '-75.35325675', '9.494192858'),
            ('COL-70215', 'COL-70', 'Corozal', '-75.29316717', '9.319105571'),
            ('COL-70221', 'COL-70', 'Covenas', '-75.6918671', '9.402463394'),
            ('COL-70230', 'COL-70', 'Chalan', '-75.31269631', '9.545351624'),
            ('COL-70233', 'COL-70', 'El Roble', '-75.1988311', '9.099531847'),
            ('COL-70235', 'COL-70', 'Galeras', '-75.04942002', '9.159672619'),
            ('COL-70265', 'COL-70', 'Guaranda', '-74.53834542', '8.464847043'),
            ('COL-70400', 'COL-70', 'La Union', '-75.2760558', '8.85397531'),
            ('COL-70418', 'COL-70', 'Los Palmitos', '-75.26874889', '9.380228408'),
            ('COL-70429', 'COL-70', 'Majagual', '-74.6281014', '8.540712996'),
            ('COL-70473', 'COL-70', 'Morroa', '-75.30619978', '9.331319381'),
            ('COL-70508', 'COL-70', 'Ovejas', '-75.22908444', '9.526687239'),
            ('COL-70523', 'COL-70', 'Palmito', '-75.54125915', '9.333108298'),
            ('COL-70670', 'COL-70', 'Sampues', '-75.38019123', '9.183205955'),
            ('COL-70678', 'COL-70', 'San Benito Abad', '-75.03116081', '8.92997106'),
            ('COL-70702', 'COL-70', 'San Juan De Betulia', '-75.24356454', '9.273065988'),
            ('COL-70708', 'COL-70', 'San Marcos', '-75.1323976', '8.664828891'),
            ('COL-70713', 'COL-70', 'San Onofre', '-75.5230307', '9.736932014'),
            ('COL-70717', 'COL-70', 'San Pedro', '-75.0634897', '9.395963637'),
            ('COL-70742', 'COL-70', 'San Luis De Since', '-75.14603305', '9.244195993'),
            ('COL-70771', 'COL-70', 'Sucre', '-74.72322511', '8.811740746'),
            ('COL-70820', 'COL-70', 'Santiago De Tolu', '-75.58129872', '9.525473229'),
            ('COL-70823', 'COL-70', 'San Jose De Toluviejo', '-75.44082177', '9.451844699'),
            ('COL-73001', 'COL-73', 'Ibague', '-75.19371478', '4.439608991'),
            ('COL-73024', 'COL-73', 'Alpujarra', '-74.93286382', '3.391731289'),
            ('COL-73026', 'COL-73', 'Alvarado', '-74.95355714', '4.567343598'),
            ('COL-73030', 'COL-73', 'Ambalema', '-74.76444089', '4.782633993'),
            ('COL-73043', 'COL-73', 'Anzoategui', '-75.09645074', '4.627473618'),
            ('COL-73055', 'COL-73', 'Armero', '-74.884413', '5.030678392'),
            ('COL-73067', 'COL-73', 'Ataco', '-75.38253426', '3.590635737'),
            ('COL-73124', 'COL-73', 'Cajamarca', '-75.43548526', '4.436672762'),
            ('COL-73148', 'COL-73', 'Carmen De Apicala', '-74.71616942', '4.147912057'),
            ('COL-73152', 'COL-73', 'Casabianca', '-75.12096615', '5.078464508'),
            ('COL-73168', 'COL-73', 'Chaparral', '-75.48074305', '3.723068376'),
            ('COL-73200', 'COL-73', 'Coello', '-74.89846435', '4.28727555'),
            ('COL-73217', 'COL-73', 'Coyaima', '-75.1938783', '3.79802798'),
            ('COL-73226', 'COL-73', 'Cunday', '-74.69222722', '4.059259258'),
            ('COL-73236', 'COL-73', 'Dolores', '-74.89684475', '3.539036003'),
            ('COL-73268', 'COL-73', 'Espinal', '-74.88544976', '4.151314221'),
            ('COL-73270', 'COL-73', 'Falan', '-74.95300717', '5.123103863'),
            ('COL-73275', 'COL-73', 'Flandes', '-74.81876746', '4.27637165'),
            ('COL-73283', 'COL-73', 'Fresno', '-75.03562715', '5.153638261'),
            ('COL-73319', 'COL-73', 'Guamo', '-74.96812715', '4.031003906'),
            ('COL-73347', 'COL-73', 'Herveo', '-75.17715109', '5.080227525'),
            ('COL-73349', 'COL-73', 'Honda', '-74.74157797', '5.201508899'),
            ('COL-73352', 'COL-73', 'Icononzo', '-74.53197619', '4.176436205'),
            ('COL-73408', 'COL-73', 'Lerida', '-74.91063436', '4.862025346'),
            ('COL-73411', 'COL-73', 'Libano', '-75.06342093', '4.923442374'),
            ('COL-73443', 'COL-73', 'San Sebastian De Mariquita', '-74.88929482', '5.199691183'),
            ('COL-73449', 'COL-73', 'Melgar', '-74.6298504', '4.208154892'),
            ('COL-73461', 'COL-73', 'Murillo', '-75.17078682', '4.875071014'),
            ('COL-73483', 'COL-73', 'Natagaima', '-75.093478', '3.624858538'),
            ('COL-73504', 'COL-73', 'Ortega', '-75.2226011', '3.934916387'),
            ('COL-73520', 'COL-73', 'Palocabildo', '-75.02219757', '5.120971969'),
            ('COL-73547', 'COL-73', 'Piedras', '-74.87807399', '4.543908286'),
            ('COL-73555', 'COL-73', 'Planadas', '-75.64396147', '3.19766147'),
            ('COL-73563', 'COL-73', 'Prado', '-74.92745557', '3.751013234'),
            ('COL-73585', 'COL-73', 'Purificacion', '-74.92864619', '3.859379857'),
            ('COL-73616', 'COL-73', 'Rioblanco', '-75.64438767', '3.52986323'),
            ('COL-73622', 'COL-73', 'Roncesvalles', '-75.60600233', '4.01159776'),
            ('COL-73624', 'COL-73', 'Rovira', '-75.2408683', '4.238932685'),
            ('COL-73671', 'COL-73', 'Saldana', '-75.016069', '3.926792658'),
            ('COL-73675', 'COL-73', 'San Antonio', '-75.48090671', '3.912976052'),
            ('COL-73678', 'COL-73', 'San Luis', '-75.09578719', '4.133720614'),
            ('COL-73686', 'COL-73', 'Santa Isabel', '-75.09793439', '4.713605767'),
            ('COL-73770', 'COL-73', 'Suarez', '-74.83188311', '4.048884259');
-- DML Table General_City
INSERT INTO General_City (CityCode, StateCode, CityName, Longitude, Latitude)
     VALUES ('COL-73854', 'COL-73', 'Valle De San Juan', '-75.11566923', '4.197493673'),
            ('COL-73861', 'COL-73', 'Venadillo', '-74.92917085', '4.717966593'),
            ('COL-73870', 'COL-73', 'Villahermosa', '-75.1177291', '5.030452282'),
            ('COL-73873', 'COL-73', 'Villarrica', '-74.60029555', '3.936745138'),
            ('COL-76001', 'COL-76', 'Cali', '-76.52156515', '3.414414305'),
            ('COL-76020', 'COL-76', 'Alcala', '-75.77981387', '4.674989542'),
            ('COL-76036', 'COL-76', 'Andalucia', '-76.1679212', '4.171724416'),
            ('COL-76041', 'COL-76', 'Ansermanuevo', '-75.99198067', '4.794922714'),
            ('COL-76054', 'COL-76', 'Argelia', '-76.11990571', '4.726946265'),
            ('COL-76100', 'COL-76', 'Bolivar', '-76.18357386', '4.337842204'),
            ('COL-76109', 'COL-76', 'Buenaventura', '-77.0117402', '3.875802437'),
            ('COL-76111', 'COL-76', 'Guadalajara De Buga', '-76.29896113', '3.900823544'),
            ('COL-76113', 'COL-76', 'Bugalagrande', '-76.15680774', '4.208331592'),
            ('COL-76122', 'COL-76', 'Caicedonia', '-75.83031805', '4.334609694'),
            ('COL-76126', 'COL-76', 'Calima', '-76.48439175', '3.933524463'),
            ('COL-76130', 'COL-76', 'Candelaria', '-76.34642891', '3.407766466'),
            ('COL-76147', 'COL-76', 'Cartago', '-75.94226404', '4.758755098'),
            ('COL-76233', 'COL-76', 'Dagua', '-76.68887101', '3.657308485'),
            ('COL-76243', 'COL-76', 'El Aguila', '-76.04129907', '4.90961334'),
            ('COL-76246', 'COL-76', 'El Cairo', '-76.22160351', '4.7608831'),
            ('COL-76248', 'COL-76', 'El Cerrito', '-76.31172554', '3.684258941'),
            ('COL-76250', 'COL-76', 'El Dovio', '-76.23708411', '4.510452885'),
            ('COL-76275', 'COL-76', 'Florida', '-76.23450174', '3.323918106'),
            ('COL-76306', 'COL-76', 'Ginebra', '-76.26806789', '3.724181147'),
            ('COL-76318', 'COL-76', 'Guacari', '-76.33136735', '3.762909008'),
            ('COL-76364', 'COL-76', 'Jamundi', '-76.54245873', '3.26227576'),
            ('COL-76377', 'COL-76', 'La Cumbre', '-76.56793222', '3.649447161'),
            ('COL-76400', 'COL-76', 'La Union', '-76.09960718', '4.533783288'),
            ('COL-76403', 'COL-76', 'La Victoria', '-76.03652878', '4.523603264'),
            ('COL-76497', 'COL-76', 'Obando', '-75.97468873', '4.575722705'),
            ('COL-76520', 'COL-76', 'Palmira', '-76.29858255', '3.532349153'),
            ('COL-76563', 'COL-76', 'Pradera', '-76.24182023', '3.419827409'),
            ('COL-76606', 'COL-76', 'Restrepo', '-76.52311704', '3.821348382'),
            ('COL-76616', 'COL-76', 'Riofrio', '-76.28831268', '4.156904989'),
            ('COL-76622', 'COL-76', 'Roldanillo', '-76.15228663', '4.4135962'),
            ('COL-76670', 'COL-76', 'San Pedro', '-76.22853779', '3.994992607'),
            ('COL-76736', 'COL-76', 'Sevilla', '-75.93094058', '4.267033273'),
            ('COL-76823', 'COL-76', 'Toro', '-76.0768535', '4.608084546'),
            ('COL-76828', 'COL-76', 'Trujillo', '-76.31880894', '4.212050806'),
            ('COL-76834', 'COL-76', 'Tulua', '-76.19769968', '4.085261239'),
            ('COL-76845', 'COL-76', 'Ulloa', '-75.73774747', '4.702513911'),
            ('COL-76863', 'COL-76', 'Versalles', '-76.19920358', '4.575018566'),
            ('COL-76869', 'COL-76', 'Vijes', '-76.44196521', '3.698587929'),
            ('COL-76890', 'COL-76', 'Yotoco', '-76.38247445', '3.861214584'),
            ('COL-76892', 'COL-76', 'Yumbo', '-76.49981978', '3.528968908'),
            ('COL-76895', 'COL-76', 'Zarzal', '-76.07084935', '4.392621473'),
            ('COL-81001', 'COL-81', 'Arauca', '-70.74635031', '7.077358544'),
            ('COL-81065', 'COL-81', 'Arauquita', '-71.42675118', '7.026981415'),
            ('COL-81220', 'COL-81', 'Cravo Norte', '-70.20428555', '6.303912752'),
            ('COL-81300', 'COL-81', 'Fortul', '-71.7685578', '6.797075753'),
            ('COL-81591', 'COL-81', 'Puerto Rondon', '-71.09774286', '6.283851501'),
            ('COL-81736', 'COL-81', 'Saravena', '-71.87233343', '6.95385957'),
            ('COL-81794', 'COL-81', 'Tame', '-71.75861086', '6.449379486'),
            ('COL-85001', 'COL-85', 'Yopal', '-72.39691516', '5.327612651'),
            ('COL-85010', 'COL-85', 'Aguazul', '-72.54630026', '5.172690765'),
            ('COL-85015', 'COL-85', 'Chameza', '-72.87023558', '5.214311749'),
            ('COL-85125', 'COL-85', 'Hato Corozal', '-71.76492254', '6.156172443'),
            ('COL-85136', 'COL-85', 'La Salina', '-72.33388167', '6.127825385'),
            ('COL-85139', 'COL-85', 'Mani', '-72.28139845', '4.81682686'),
            ('COL-85162', 'COL-85', 'Monterrey', '-72.89503614', '4.876845436'),
            ('COL-85225', 'COL-85', 'Nunchia', '-72.19507104', '5.636662597'),
            ('COL-85230', 'COL-85', 'Orocue', '-71.33851792', '4.790269665'),
            ('COL-85250', 'COL-85', 'Paz De Ariporo', '-71.89092396', '5.88003657'),
            ('COL-85263', 'COL-85', 'Pore', '-71.9928596', '5.727729878'),
            ('COL-85279', 'COL-85', 'Recetor', '-72.76114606', '5.229493648'),
            ('COL-85300', 'COL-85', 'Sabanalarga', '-73.03872338', '4.854617866'),
            ('COL-85315', 'COL-85', 'Sacama', '-72.25027589', '6.09697492'),
            ('COL-85325', 'COL-85', 'San Luis De Palenque', '-71.73292506', '5.420887071'),
            ('COL-85400', 'COL-85', 'Tamara', '-72.16182524', '5.829826597'),
            ('COL-85410', 'COL-85', 'Tauramena', '-72.74725192', '5.01920526'),
            ('COL-85430', 'COL-85', 'Trinidad', '-71.6633409', '5.412214716'),
            ('COL-85440', 'COL-85', 'Villanueva', '-72.92746843', '4.609799108'),
            ('COL-86001', 'COL-86', 'Mocoa', '-76.65027142', '1.152296118'),
            ('COL-86219', 'COL-86', 'Colon', '-76.97230179', '1.189825988'),
            ('COL-86320', 'COL-86', 'Orito', '-76.87302769', '0.663816899'),
            ('COL-86568', 'COL-86', 'Puerto Asis', '-76.49727285', '0.505046722'),
            ('COL-86569', 'COL-86', 'Puerto Caicedo', '-76.60483235', '0.684841656'),
            ('COL-86571', 'COL-86', 'Puerto Guzman', '-76.40852154', '0.962922439'),
            ('COL-86573', 'COL-86', 'Puerto Leguizamo', '-74.78247103', '-0.191872849'),
            ('COL-86749', 'COL-86', 'Sibundoy', '-76.91748216', '1.200115733'),
            ('COL-86755', 'COL-86', 'San Francisco', '-76.87923491', '1.174218321'),
            ('COL-86757', 'COL-86', 'San Miguel', '-76.91241019', '0.343272204'),
            ('COL-86760', 'COL-86', 'Santiago', '-77.00182343', '1.14553777'),
            ('COL-86865', 'COL-86', 'Valle Del Guamuez', '-76.9059688', '0.423904093'),
            ('COL-86885', 'COL-86', 'Villagarzon', '-76.61716247', '1.028941012'),
            ('COL-88001', 'COL-88', 'San Andres', '-81.69606298', '12.58301369'),
            ('COL-88564', 'COL-88', 'Providencia Y Santa Catalina', '-81.3709116', '13.37009985'),
            ('COL-91001', 'COL-91', 'Leticia', '-69.94142671', '-4.199836935'),
            ('COL-91263', 'COL-91', 'El Encanto (Anm)', '-73.20930718', '-1.745555377'),
            ('COL-91405', 'COL-91', 'La Chorrera (Anm)', '-72.79558336', '-1.44329152'),
            ('COL-91407', 'COL-91', 'La Pedrera (Anm)', '-69.58842102', '-1.319312591'),
            ('COL-91430', 'COL-91', 'La Victoria (Anm)', '-71.223', '0.053'),
            ('COL-91460', 'COL-91', 'Miriti - Parana (Anm)', '-70.98893023', '-0.888832636'),
            ('COL-91530', 'COL-91', 'Puerto Alegria (Anm)', '-74.01446088', '-1.005673854'),
            ('COL-91536', 'COL-91', 'Puerto Arica (Anm)', '-71.75263619', '-2.148446597'),
            ('COL-91540', 'COL-91', 'Puerto Narino', '-70.36451835', '-3.780447632'),
            ('COL-91669', 'COL-91', 'Puerto Santander (Anm)', '-72.38421269', '-0.621184474'),
            ('COL-91798', 'COL-91', 'Tarapaca (Anm)', '-69.74176597', '-2.890088948'),
            ('COL-94001', 'COL-94', 'Inirida', '-67.91883684', '3.866161619'),
            ('COL-94343', 'COL-94', 'Barrancominas (Anm)', '-69.8132491', '3.494005121'),
            ('COL-94663', 'COL-94', 'Mapiripana (Anm)', '-70.47625203', '2.812147736'),
            ('COL-94883', 'COL-94', 'San Felipe (Anm)', '-67.06882712', '1.910021951'),
            ('COL-94884', 'COL-94', 'Puerto Colombia (Anm)', '-67.56677875', '2.726463724'),
            ('COL-94885', 'COL-94', 'La Guadalupe (Anm)', '-66.96373918', '1.632265613'),
            ('COL-94886', 'COL-94', 'Cacahual (Anm)', '-67.41326289', '3.526372267'),
            ('COL-94887', 'COL-94', 'Pana Pana (Anm)', '-69.00983182', '1.865680719'),
            ('COL-94888', 'COL-94', 'Morichal (Anm)', '-69.91947849', '2.265125333'),
            ('COL-95001', 'COL-95', 'San Jose Del Guaviare', '-72.63898622', '2.566428399'),
            ('COL-95015', 'COL-95', 'Calamar', '-72.655172', '1.960108633'),
            ('COL-95025', 'COL-95', 'El Retorno', '-72.62718599', '2.330161549'),
            ('COL-95200', 'COL-95', 'Miraflores', '-71.95054317', '1.337574043'),
            ('COL-97001', 'COL-97', 'Mitu', '-70.23475052', '1.251190563'),
            ('COL-97161', 'COL-97', 'Caruru', '-71.29779326', '1.014597709'),
            ('COL-97511', 'COL-97', 'Pacoa (Anm)', '-71.00433923', '0.02069806'),
            ('COL-97666', 'COL-97', 'Taraira', '-69.63900366', '-0.56938554'),
            ('COL-97777', 'COL-97', 'Papunahua (Anm)', '-70.76116746', '1.9074028'),
            ('COL-97889', 'COL-97', 'Yavarate (Anm)', '-69.20333732', '0.609141615'),
            ('COL-99001', 'COL-99', 'Puerto Carreno', '-67.486997', '6.186864187'),
            ('COL-99524', 'COL-99', 'La Primavera', '-70.41042001', '5.486337614'),
            ('COL-99624', 'COL-99', 'Santa Rosalia', '-70.85974134', '5.136431386'),
            ('COL-99773', 'COL-99', 'Cumaribo', '-69.79553294', '4.446352174');
-- DML Table General_City
INSERT INTO General_City (CityCode, StateCode, CityName, Latitude, Longitude)
     VALUES ('USA-AK001', 'USA-AK', 'Anchorage', '61.1743', '-149.2843'),
            ('USA-AL001', 'USA-AL', 'Birmingham', '33.5274', '-86.7990'),
            ('USA-AL002', 'USA-AL', 'Huntsville', '34.6990', '-86.6730'),
            ('USA-AL003', 'USA-AL', 'Montgomery', '32.3472', '-86.2661'),
            ('USA-AL004', 'USA-AL', 'Mobile', '30.6684', '-88.1002'),
            ('USA-AL005', 'USA-AL', 'Tuscaloosa', '33.2065', '-87.5346'),
            ('USA-AR001', 'USA-AR', 'Little Rock', '34.7254', '-92.3586'),
            ('USA-AZ001', 'USA-AZ', 'Phoenix', '33.5722', '-112.0901'),
            ('USA-AZ002', 'USA-AZ', 'Tucson', '32.1531', '-110.8706'),
            ('USA-AZ003', 'USA-AZ', 'Mesa', '33.4019', '-111.7174'),
            ('USA-AZ004', 'USA-AZ', 'Chandler', '33.2829', '-111.8549'),
            ('USA-AZ005', 'USA-AZ', 'Scottsdale', '33.6843', '-111.8611'),
            ('USA-AZ006', 'USA-AZ', 'Gilbert', '33.3103', '-111.7431'),
            ('USA-AZ007', 'USA-AZ', 'Glendale', '33.5331', '-112.1899'),
            ('USA-AZ008', 'USA-AZ', 'Tempe', '33.3884', '-111.9318'),
            ('USA-AZ009', 'USA-AZ', 'Peoria', '33.7862', '-112.3080'),
            ('USA-AZ010', 'USA-AZ', 'Surprise', '33.6706', '-112.4527'),
            ('USA-CA001', 'USA-CA', 'Los Angeles', '34.0194', '-118.4108'),
            ('USA-CA002', 'USA-CA', 'San Diego', '32.8153', '-117.1350'),
            ('USA-CA003', 'USA-CA', 'San Jose', '37.2967', '-121.8189'),
            ('USA-CA004', 'USA-CA', 'San Francisco', '37.7272', '-123.0322'),
            ('USA-CA005', 'USA-CA', 'Fresno', '36.7836', '-119.7934'),
            ('USA-CA006', 'USA-CA', 'Sacramento', '38.5666', '-121.4686'),
            ('USA-CA007', 'USA-CA', 'Long Beach', '33.8092', '-118.1553'),
            ('USA-CA008', 'USA-CA', 'Oakland', '37.7698', '-122.2257'),
            ('USA-CA009', 'USA-CA', 'Bakersfield', '35.3212', '-119.0183'),
            ('USA-CA010', 'USA-CA', 'Anaheim', '33.8555', '-117.7601'),
            ('USA-CA011', 'USA-CA', 'Santa Ana', '33.7363', '-117.8830'),
            ('USA-CA012', 'USA-CA', 'Riverside', '33.9381', '-117.3932'),
            ('USA-CA013', 'USA-CA', 'Stockton', '37.9763', '-121.3133'),
            ('USA-CA014', 'USA-CA', 'Irvine', '33.6784', '-117.7713'),
            ('USA-CA015', 'USA-CA', 'Chula Vista', '32.6277', '-117.0152'),
            ('USA-CA016', 'USA-CA', 'Fremont', '37.4945', '-121.9412'),
            ('USA-CA017', 'USA-CA', 'San Bernardino', '34.1416', '-117.2936'),
            ('USA-CA018', 'USA-CA', 'Modesto', '37.6375', '-121.0030'),
            ('USA-CA019', 'USA-CA', 'Fontana', '34.1090', '-117.4629'),
            ('USA-CA020', 'USA-CA', 'Moreno Valley', '33.9233', '-117.2057'),
            ('USA-CA021', 'USA-CA', 'Santa Clarita', '34.4030', '-118.5042'),
            ('USA-CA022', 'USA-CA', 'Oxnard', '34.2023', '-119.2046'),
            ('USA-CA023', 'USA-CA', 'Glendale', '34.1814', '-118.2458'),
            ('USA-CA024', 'USA-CA', 'Huntington Beach', '33.6906', '-118.0093'),
            ('USA-CA025', 'USA-CA', 'Ontario', '34.0394', '-117.6042'),
            ('USA-CA026', 'USA-CA', 'Rancho Cucamonga', '34.1233', '-117.5642'),
            ('USA-CA027', 'USA-CA', 'Santa Rosa', '38.4468', '-122.7061'),
            ('USA-CA028', 'USA-CA', 'Oceanside', '33.2245', '-117.3062'),
            ('USA-CA029', 'USA-CA', 'Elk Grove', '38.4146', '-121.3850'),
            ('USA-CA030', 'USA-CA', 'Garden Grove', '33.7788', '-117.9605'),
            ('USA-CA031', 'USA-CA', 'Corona', '33.8620', '-117.5655'),
            ('USA-CA032', 'USA-CA', 'Hayward', '37.6287', '-122.1024'),
            ('USA-CA033', 'USA-CA', 'Lancaster', '34.6936', '-118.1753'),
            ('USA-CA034', 'USA-CA', 'Salinas', '36.6902', '-121.6337'),
            ('USA-CA035', 'USA-CA', 'Palmdale', '34.5910', '-118.1054'),
            ('USA-CA036', 'USA-CA', 'Sunnyvale', '37.3858', '-122.0263'),
            ('USA-CA037', 'USA-CA', 'Pomona', '34.0585', '-117.7611'),
            ('USA-CA038', 'USA-CA', 'Escondido', '33.1331', '-117.0740'),
            ('USA-CA039', 'USA-CA', 'Torrance', '33.8350', '-118.3414'),
            ('USA-CA040', 'USA-CA', 'Roseville', '38.7690', '-121.3189'),
            ('USA-CA041', 'USA-CA', 'Pasadena', '34.1606', '-118.1396'),
            ('USA-CA042', 'USA-CA', 'Orange', '33.7870', '-117.8613'),
            ('USA-CA043', 'USA-CA', 'Fullerton', '33.8857', '-117.9280'),
            ('USA-CA044', 'USA-CA', 'Visalia', '36.3273', '-119.3289'),
            ('USA-CA045', 'USA-CA', 'Santa Clara', '37.3646', '-121.9679'),
            ('USA-CA046', 'USA-CA', 'Concord', '37.9722', '-122.0016'),
            ('USA-CA047', 'USA-CA', 'Thousand Oaks', '34.1933', '-118.8742'),
            ('USA-CA048', 'USA-CA', 'Simi Valley', '34.2669', '-118.7485'),
            ('USA-CA049', 'USA-CA', 'Victorville', '34.5277', '-117.3536'),
            ('USA-CA050', 'USA-CA', 'Vallejo', '38.1079', '-122.2640'),
            ('USA-CA051', 'USA-CA', 'Berkeley', '37.8670', '-122.2991'),
            ('USA-CA052', 'USA-CA', 'Fairfield', '38.2593', '-122.0321'),
            ('USA-CA053', 'USA-CA', 'Murrieta', '33.5721', '-117.1904'),
            ('USA-CA054', 'USA-CA', 'El Monte', '34.0746', '-118.0291'),
            ('USA-CA055', 'USA-CA', 'Carlsbad', '33.1239', '-117.2828'),
            ('USA-CA056', 'USA-CA', 'Temecula', '33.4931', '-117.1317'),
            ('USA-CA057', 'USA-CA', 'Clovis', '36.8282', '-119.6849'),
            ('USA-CA058', 'USA-CA', 'Costa Mesa', '33.6659', '-117.9123'),
            ('USA-CA059', 'USA-CA', 'Antioch', '37.9791', '-121.7962'),
            ('USA-CA060', 'USA-CA', 'Downey', '33.9382', '-118.1309'),
            ('USA-CA061', 'USA-CA', 'Richmond', '37.9523', '-122.3606'),
            ('USA-CA062', 'USA-CA', 'Jurupa Valley', '34.0026', '-117.4676'),
            ('USA-CA063', 'USA-CA', 'Ventura', '34.2678', '-119.2542'),
            ('USA-CA064', 'USA-CA', 'Inglewood', '33.9561', '-118.3443'),
            ('USA-CA065', 'USA-CA', 'Santa Maria', '34.9332', '-120.4438'),
            ('USA-CA066', 'USA-CA', 'Daly General_City', '37.7009', '-122.4650'),
            ('USA-CA067', 'USA-CA', 'West Covina', '34.0559', '-117.9099'),
            ('USA-CA068', 'USA-CA', 'San Mateo', '37.5603', '-122.3106'),
            ('USA-CA069', 'USA-CA', 'Norwalk', '33.9076', '-118.0835'),
            ('USA-CA070', 'USA-CA', 'Rialto', '34.1118', '-117.3883'),
            ('USA-CA071', 'USA-CA', 'Chico', '39.7400', '-121.8356'),
            ('USA-CA072', 'USA-CA', 'El Cajon', '32.8017', '-116.9604'),
            ('USA-CA073', 'USA-CA', 'Burbank', '34.1901', '-118.3264'),
            ('USA-CA074', 'USA-CA', 'Vista', '33.1895', '-117.2386'),
            ('USA-CA075', 'USA-CA', 'Vacaville', '38.3539', '-121.9728'),
            ('USA-CO001', 'USA-CO', 'Denver', '39.7619', '-104.8811'),
            ('USA-CO005', 'USA-CO', 'Colorado Springs', '38.8673', '-104.7607'),
            ('USA-CO006', 'USA-CO', 'Aurora', '39.6880', '-104.6897'),
            ('USA-CO007', 'USA-CO', 'Fort Collins', '40.5482', '-105.0648'),
            ('USA-CO008', 'USA-CO', 'Lakewood', '39.6989', '-105.1176'),
            ('USA-CO009', 'USA-CO', 'Thornton', '39.9194', '-104.9428'),
            ('USA-CO010', 'USA-CO', 'Arvada', '39.8337', '-105.1503'),
            ('USA-CO011', 'USA-CO', 'Westminster', '39.8822', '-105.0644'),
            ('USA-CO012', 'USA-CO', 'Pueblo', '38.2699', '-104.6123'),
            ('USA-CO013', 'USA-CO', 'Centennial', '39.5906', '-104.8691'),
            ('USA-CO014', 'USA-CO', 'Greeley', '40.4153', '-104.7697'),
            ('USA-CO015', 'USA-CO', 'Boulder', '40.0270', '-105.2519'),
            ('USA-CT001', 'USA-CT', 'Bridgeport', '41.1874', '-73.1958'),
            ('USA-CT002', 'USA-CT', 'New Haven', '41.3108', '-72.9250'),
            ('USA-CT003', 'USA-CT', 'Stamford', '41.0799', '-73.5460'),
            ('USA-CT004', 'USA-CT', 'Hartford', '41.7659', '-72.6816'),
            ('USA-CT005', 'USA-CT', 'Waterbury', '41.5585', '-73.0367'),
            ('USA-DC001', 'USA-DC', 'Washington', '38.9041', '-77.0172'),
            ('USA-FL001', 'USA-FL', 'Jacksonville', '30.3369', '-81.6616'),
            ('USA-FL002', 'USA-FL', 'Miami', '25.7752', '-80.2086'),
            ('USA-FL003', 'USA-FL', 'Tampa', '27.9701', '-82.4797'),
            ('USA-FL004', 'USA-FL', 'Orlando', '28.4166', '-81.2736'),
            ('USA-FL005', 'USA-FL', 'St. Petersburg', '27.7620', '-82.6441'),
            ('USA-FL006', 'USA-FL', 'Hialeah', '25.8699', '-80.3029'),
            ('USA-FL007', 'USA-FL', 'Port St. Lucie', '27.2806', '-80.3883'),
            ('USA-FL008', 'USA-FL', 'Tallahassee', '30.4551', '-84.2534'),
            ('USA-FL009', 'USA-FL', 'Cape Coral', '26.6432', '-81.9974'),
            ('USA-FL010', 'USA-FL', 'Fort Lauderdale', '26.1412', '-80.1467'),
            ('USA-FL011', 'USA-FL', 'Pembroke Pines', '26.0210', '-80.3404'),
            ('USA-FL012', 'USA-FL', 'Hollywood', '26.0310', '-80.1646'),
            ('USA-FL013', 'USA-FL', 'Miramar', '25.9770', '-80.3358'),
            ('USA-FL014', 'USA-FL', 'Gainesville', '29.6788', '-82.3461'),
            ('USA-FL015', 'USA-FL', 'Coral Springs', '26.2707', '-80.2593'),
            ('USA-FL016', 'USA-FL', 'Clearwater', '27.9789', '-82.7666'),
            ('USA-FL017', 'USA-FL', 'Palm Bay', '27.9856', '-80.6626'),
            ('USA-FL018', 'USA-FL', 'Lakeland', '28.0555', '-81.9549'),
            ('USA-FL019', 'USA-FL', 'Pompano Beach', '26.2416', '-80.1339'),
            ('USA-FL020', 'USA-FL', 'West Palm Beach', '26.7464', '-80.1251'),
            ('USA-FL021', 'USA-FL', 'Miami Gardens', '25.9489', '-80.2436'),
            ('USA-FL022', 'USA-FL', 'Davie', '26.0791', '-80.2850'),
            ('USA-GA001', 'USA-GA', 'Atlanta', '33.7629', '-84.4227'),
            ('USA-GA002', 'USA-GA', 'Augusta', '33.3655', '-82.0734'),
            ('USA-GA003', 'USA-GA', 'Columbus', '32.5102', '-84.8749'),
            ('USA-GA004', 'USA-GA', 'Macon', '32.8088', '-83.6942'),
            ('USA-GA005', 'USA-GA', 'Savannah', '32.0025', '-81.1536'),
            ('USA-GA006', 'USA-GA', 'Athens', '33.9496', '-83.3701'),
            ('USA-GA007', 'USA-GA', 'Sandy Springs', '33.9315', '-84.3687'),
            ('USA-HI001', 'USA-HI', 'Honolulu', '21.3243', '-157.8476'),
            ('USA-IA001', 'USA-IA', 'Des Moines', '41.5726', '-93.6102'),
            ('USA-IA002', 'USA-IA', 'Cedar Rapids', '41.9670', '-91.6778'),
            ('USA-IA003', 'USA-IA', 'Davenport', '41.5541', '-90.6040'),
            ('USA-ID001', 'USA-ID', 'Boise', '43.6002', '-116.2317'),
            ('USA-ID002', 'USA-ID', 'Meridian', '43.6142', '-116.3989'),
            ('USA-IL001', 'USA-IL', 'Chicago', '41.8376', '-87.6818'),
            ('USA-IL002', 'USA-IL', 'Aurora', '41.7635', '-88.2901'),
            ('USA-IL003', 'USA-IL', 'Naperville', '41.7492', '-88.1620'),
            ('USA-IL004', 'USA-IL', 'Joliet', '41.5177', '-88.1488'),
            ('USA-IL005', 'USA-IL', 'Rockford', '42.2588', '-89.0646'),
            ('USA-IL006', 'USA-IL', 'Springfield', '39.7911', '-89.6446'),
            ('USA-IL007', 'USA-IL', 'Elgin', '42.0396', '-88.3217'),
            ('USA-IL008', 'USA-IL', 'Peoria', '40.7515', '-89.6174'),
            ('USA-IN001', 'USA-IN', 'Indianapolis', '39.7767', '-86.1459'),
            ('USA-IN002', 'USA-IN', 'Fort Wayne', '41.0882', '-85.1439'),
            ('USA-IN003', 'USA-IN', 'Evansville', '37.9877', '-87.5347'),
            ('USA-IN004', 'USA-IN', 'South Bend', '41.6769', '-86.2690'),
            ('USA-IN005', 'USA-IN', 'Carmel', '39.9667', '-86.1000'),
            ('USA-KS001', 'USA-KS', 'Wichita', '37.6907', '-97.3459'),
            ('USA-KS002', 'USA-KS', 'Overland Park', '38.8890', '-94.6906'),
            ('USA-KS003', 'USA-KS', 'Kansas General_City', '39.1225', '-94.7418'),
            ('USA-KS004', 'USA-KS', 'Olathe', '38.8843', '-94.8195'),
            ('USA-KS005', 'USA-KS', 'Topeka', '39.0347', '-95.6962'),
            ('USA-KY001', 'USA-KY', 'Louisville', '38.1654', '-85.6474'),
            ('USA-KY002', 'USA-KY', 'Lexington', '38.0407', '-84.4583'),
            ('USA-LA001', 'USA-LA', 'New Orleans', '30.0534', '-89.9345'),
            ('USA-LA002', 'USA-LA', 'Baton Rouge', '30.4422', '-91.1309'),
            ('USA-LA003', 'USA-LA', 'Shreveport', '32.4669', '-93.7922'),
            ('USA-LA004', 'USA-LA', 'Lafayette', '30.2074', '-92.0285'),
            ('USA-MA001', 'USA-MA', 'Boston', '42.3320', '-71.0202'),
            ('USA-MA002', 'USA-MA', 'Worcester', '42.2695', '-71.8078'),
            ('USA-MA003', 'USA-MA', 'Springfield', '42.1155', '-72.5400'),
            ('USA-MA004', 'USA-MA', 'Cambridge', '42.3760', '-71.1187'),
            ('USA-MA005', 'USA-MA', 'Lowell', '42.6390', '-71.3211'),
            ('USA-MD001', 'USA-MD', 'Baltimore', '39.3000', '-76.6105'),
            ('USA-MI001', 'USA-MI', 'Detroit', '42.3830', '-83.1022'),
            ('USA-MI002', 'USA-MI', 'Grand Rapids', '42.9612', '-85.6556'),
            ('USA-MI003', 'USA-MI', 'Warren', '42.4929', '-83.0250'),
            ('USA-MI004', 'USA-MI', 'Sterling Heights', '42.5812', '-83.0303'),
            ('USA-MI005', 'USA-MI', 'Ann Arbor', '42.2761', '-83.7309'),
            ('USA-MI006', 'USA-MI', 'Lansing', '42.7143', '-84.5593'),
            ('USA-MI007', 'USA-MI', 'Clinton', '42.5903', '-82.9170'),
            ('USA-MN001', 'USA-MN', 'Minneapolis', '44.9633', '-93.2683'),
            ('USA-MN002', 'USA-MN', 'Saint Paul', '44.9489', '-93.1041'),
            ('USA-MN003', 'USA-MN', 'Rochester', '44.0154', '-92.4772'),
            ('USA-MO001', 'USA-MO', 'Kansas General_City', '39.1251', '-94.5510'),
            ('USA-MO002', 'USA-MO', 'St. Louis', '38.6357', '-90.2446'),
            ('USA-MO003', 'USA-MO', 'Springfield', '37.1942', '-93.2913'),
            ('USA-MO004', 'USA-MO', 'Columbia', '38.951561', '-92.328638'),
            ('USA-MO005', 'USA-MO', 'Independence', '39.0855', '-94.3521'),
            ('USA-MS001', 'USA-MS', 'Jackson', '32.3158', '-90.2128'),
            ('USA-MT001', 'USA-MT', 'Billings', '45.7885', '-108.5499'),
            ('USA-NC001', 'USA-NC', 'Charlotte', '35.2078', '-80.8310'),
            ('USA-NC002', 'USA-NC', 'Raleigh', '35.8306', '-78.6418'),
            ('USA-NC003', 'USA-NC', 'Greensboro', '36.0951', '-79.8270'),
            ('USA-NC004', 'USA-NC', 'Durham', '35.9811', '-78.9029'),
            ('USA-NC005', 'USA-NC', 'Winston–Salem', '36.1027', '-80.2610'),
            ('USA-NC006', 'USA-NC', 'Fayetteville', '35.0828', '-78.9735'),
            ('USA-NC007', 'USA-NC', 'Cary', '35.7809', '-78.8133'),
            ('USA-NC008', 'USA-NC', 'Wilmington', '34.2092', '-77.8858'),
            ('USA-NC009', 'USA-NC', 'High Point', '35.9900', '-79.9905'),
            ('USA-ND001', 'USA-ND', 'Fargo', '46.8652', '-96.8290'),
            ('USA-NE001', 'USA-NE', 'Omaha', '41.2644', '-96.0451'),
            ('USA-NE002', 'USA-NE', 'Lincoln', '40.8105', '-96.6803'),
            ('USA-NH001', 'USA-NH', 'Manchester', '42.9849', '-71.4441'),
            ('USA-NJ001', 'USA-NJ', 'Newark', '40.7242', '-74.1726'),
            ('USA-NJ002', 'USA-NJ', 'Jersey General_City', '40.7114', '-74.0648'),
            ('USA-NJ003', 'USA-NJ', 'Paterson', '40.9148', '-74.1628'),
            ('USA-NJ004', 'USA-NJ', 'Elizabeth', '40.6664', '-74.1935'),
            ('USA-NJ005', 'USA-NJ', 'Lakewood', '40.0771', '-74.2004'),
            ('USA-NJ006', 'USA-NJ', 'Woodbridge', '40.5607', '-74.2927'),
            ('USA-NM001', 'USA-NM', 'Albuquerque', '35.1056', '-106.6474'),
            ('USA-NM002', 'USA-NM', 'Las Cruces', '32.3264', '-106.7897'),
            ('USA-NV001', 'USA-NV', 'Las Vegas', '36.2292', '-115.2601'),
            ('USA-NV002', 'USA-NV', 'Henderson', '36.0097', '-115.0357'),
            ('USA-NV003', 'USA-NV', 'Reno', '39.5491', '-119.8499'),
            ('USA-NV004', 'USA-NV', 'North Las Vegas', '36.2857', '-115.0939'),
            ('USA-NV005', 'USA-NV', 'Sparks', '39.5544', '-119.7356'),
            ('USA-NY001', 'USA-NY', 'New York', '40.6635', '-73.9387'),
            ('USA-NY002', 'USA-NY', 'Buffalo', '42.8925', '-78.8597'),
            ('USA-NY003', 'USA-NY', 'Rochester', '43.1699', '-77.6169'),
            ('USA-NY004', 'USA-NY', 'Yonkers', '40.9459', '-73.8674'),
            ('USA-NY005', 'USA-NY', 'Syracuse', '43.0410', '-76.1436'),
            ('USA-OH001', 'USA-OH', 'Columbus', '39.9852', '-82.9848'),
            ('USA-OH002', 'USA-OH', 'Cleveland', '41.4785', '-81.6794'),
            ('USA-OH003', 'USA-OH', 'Cincinnati', '39.1402', '-84.5058'),
            ('USA-OH004', 'USA-OH', 'Toledo', '41.6641', '-83.5819'),
            ('USA-OH005', 'USA-OH', 'Akron', '41.0805', '-81.5214'),
            ('USA-OH006', 'USA-OH', 'Dayton', '39.7774', '-84.1996'),
            ('USA-OK001', 'USA-OK', 'Oklahoma General_City', '35.4671', '-97.5137'),
            ('USA-OK002', 'USA-OK', 'Tulsa', '36.1279', '-95.9023'),
            ('USA-OK003', 'USA-OK', 'Norman', '35.2406', '-97.3453'),
            ('USA-OK004', 'USA-OK', 'Broken Arrow', '36.0365', '-95.7810'),
            ('USA-OR001', 'USA-OR', 'Portland', '45.5370', '-122.6500'),
            ('USA-OR002', 'USA-OR', 'Salem', '44.9237', '-123.0232'),
            ('USA-OR003', 'USA-OR', 'Eugene', '44.0567', '-123.1162'),
            ('USA-OR004', 'USA-OR', 'Gresham', '45.5023', '-122.4416'),
            ('USA-OR005', 'USA-OR', 'Hillsboro', '45.5280', '-122.9357'),
            ('USA-OR006', 'USA-OR', 'Bend', '44.0500', '-121.3000'),
            ('USA-PA001', 'USA-PA', 'Philadelphia', '40.0094', '-75.1333'),
            ('USA-PA002', 'USA-PA', 'Pittsburgh', '40.4398', '-79.9766'),
            ('USA-PA003', 'USA-PA', 'Allentown', '40.5936', '-75.4784'),
            ('USA-RI001', 'USA-RI', 'Providence', '41.8231', '-71.4188'),
            ('USA-SC001', 'USA-SC', 'Charleston', '32.8179', '-79.9590'),
            ('USA-SC002', 'USA-SC', 'Columbia', '34.0291', '-80.8980'),
            ('USA-SC003', 'USA-SC', 'North Charleston', '32.9178', '-80.0650'),
            ('USA-SD001', 'USA-SD', 'Sioux Falls', '43.5383', '-96.7320'),
            ('USA-TN001', 'USA-TN', 'Nashville', '36.1718', '-86.7850'),
            ('USA-TN002', 'USA-TN', 'Memphis', '35.1028', '-89.9774'),
            ('USA-TN003', 'USA-TN', 'Knoxville', '35.9707', '-83.9493'),
            ('USA-TN004', 'USA-TN', 'Chattanooga', '35.0660', '-85.2484'),
            ('USA-TN005', 'USA-TN', 'Clarksville', '36.5664', '-87.3452'),
            ('USA-TN006', 'USA-TN', 'Murfreesboro', '35.8522', '-86.4160'),
            ('USA-TX001', 'USA-TX', 'Houston', '29.7866', '-95.3909'),
            ('USA-TX002', 'USA-TX', 'San Antonio', '29.4724', '-98.5251'),
            ('USA-TX003', 'USA-TX', 'Dallas', '32.7933', '-96.7665'),
            ('USA-TX004', 'USA-TX', 'Austin', '30.3039', '-97.7544'),
            ('USA-TX005', 'USA-TX', 'Fort Worth', '32.7815', '-97.3467'),
            ('USA-TX006', 'USA-TX', 'El Paso', '31.8484', '-106.4270'),
            ('USA-TX007', 'USA-TX', 'Arlington', '32.7007', '-97.1247'),
            ('USA-TX008', 'USA-TX', 'Corpus Christi', '27.7543', '-97.1734'),
            ('USA-TX009', 'USA-TX', 'Plano', '33.0508', '-96.7479'),
            ('USA-TX010', 'USA-TX', 'Laredo', '27.5604', '-99.4892'),
            ('USA-TX011', 'USA-TX', 'Lubbock', '33.5656', '-101.8867'),
            ('USA-TX012', 'USA-TX', 'Garland', '32.9098', '-96.6303'),
            ('USA-TX013', 'USA-TX', 'Irving', '32.8577', '-96.9700'),
            ('USA-TX014', 'USA-TX', 'Frisco', '33.1554', '-96.8226'),
            ('USA-TX015', 'USA-TX', 'Amarillo', '35.1999', '-101.8302'),
            ('USA-TX016', 'USA-TX', 'McKinney', '33.1985', '-96.6680'),
            ('USA-TX017', 'USA-TX', 'Grand Prairie', '32.6869', '-97.0211'),
            ('USA-TX018', 'USA-TX', 'Brownsville', '25.9991', '-97.4550'),
            ('USA-TX019', 'USA-TX', 'Killeen', '31.0777', '-97.7320'),
            ('USA-TX020', 'USA-TX', 'Pasadena', '29.6586', '-95.1506'),
            ('USA-TX021', 'USA-TX', 'Midland', '32.0246', '-102.1135'),
            ('USA-TX022', 'USA-TX', 'McAllen', '26.2322', '-98.2464'),
            ('USA-TX023', 'USA-TX', 'Denton', '33.2166', '-97.1414'),
            ('USA-TX024', 'USA-TX', 'Mesquite', '32.7629', '-96.5888'),
            ('USA-TX025', 'USA-TX', 'Carrollton', '32.9884', '-96.8998'),
            ('USA-TX026', 'USA-TX', 'Waco', '31.5601', '-97.1860'),
            ('USA-TX027', 'USA-TX', 'Round Rock', '30.5252', '-97.6660'),
            ('USA-TX028', 'USA-TX', 'Abilene', '32.4545', '-99.7381'),
            ('USA-TX029', 'USA-TX', 'Odessa', '31.8838', '-102.3411'),
            ('USA-TX030', 'USA-TX', 'Pearland', '29.5558', '-95.3231'),
            ('USA-TX031', 'USA-TX', 'Richardson', '32.9723', '-96.7081'),
            ('USA-TX032', 'USA-TX', 'Sugar Land', '29.5994', '-95.6142'),
            ('USA-TX033', 'USA-TX', 'College Station', '30.5852', '-96.2964'),
            ('USA-TX034', 'USA-TX', 'Beaumont', '30.0849', '-94.1453'),
            ('USA-TX035', 'USA-TX', 'Lewisville', '33.0466', '-96.9818'),
            ('USA-TX036', 'USA-TX', 'League General_City', '29.4901', '-95.1091'),
            ('USA-TX037', 'USA-TX', 'Tyler', '32.3173', '-95.3059'),
            ('USA-TX038', 'USA-TX', 'Allen', '33.0997', '-96.6631'),
            ('USA-TX039', 'USA-TX', 'Wichita Falls', '33.9067', '-98.5259'),
            ('USA-TX040', 'USA-TX', 'Edinburg', '26.3042', '-98.1639'),
            ('USA-TX041', 'USA-TX', 'San Angelo', '31.4411', '-100.4505'),
            ('USA-UT001', 'USA-UT', 'Salt Lake General_City', '40.7769', '-111.9310'),
            ('USA-UT002', 'USA-UT', 'West Valley General_City', '40.6885', '-112.0118'),
            ('USA-UT003', 'USA-UT', 'Provo', '40.2453', '-111.6448'),
            ('USA-UT004', 'USA-UT', 'West Jordan', '40.6024', '-112.0008'),
            ('USA-VA001', 'USA-VA', 'Virginia Beach', '36.7800', '-76.0252'),
            ('USA-VA002', 'USA-VA', 'Chesapeake', '36.6794', '-76.3018'),
            ('USA-VA003', 'USA-VA', 'Norfolk', '36.9230', '-76.2446'),
            ('USA-VA004', 'USA-VA', 'Richmond', '37.5314', '-77.4760'),
            ('USA-VA005', 'USA-VA', 'Newport News', '37.0762', '-76.5220'),
            ('USA-VA006', 'USA-VA', 'Alexandria', '38.8201', '-77.0841'),
            ('USA-VA007', 'USA-VA', 'Hampton', '37.0480', '-76.2971'),
            ('USA-WA001', 'USA-WA', 'Seattle', '47.6205', '-122.3509'),
            ('USA-WA002', 'USA-WA', 'Spokane', '47.6669', '-117.4333'),
            ('USA-WA003', 'USA-WA', 'Tacoma', '47.2522', '-122.4598'),
            ('USA-WA004', 'USA-WA', 'Vancouver', '45.6349', '-122.5957'),
            ('USA-WA005', 'USA-WA', 'Bellevue', '47.5979', '-122.1565'),
            ('USA-WA006', 'USA-WA', 'Kent', '47.3880', '-122.2127'),
            ('USA-WA007', 'USA-WA', 'Everett', '47.9566', '-122.1914'),
            ('USA-WA008', 'USA-WA', 'Renton', '47.4761', '-122.1920'),
            ('USA-WA009', 'USA-WA', 'Spokane Valley', '47.6733', '-117.2394'),
            ('USA-WI001', 'USA-WI', 'Milwaukee', '43.0633', '-87.9667'),
            ('USA-WI002', 'USA-WI', 'Madison', '43.0878', '-89.4299'),
            ('USA-WI003', 'USA-WI', 'Green Bay', '44.5207', '-87.9842');
-- DDL Table General_Person
CREATE TABLE General_Person (
    PersonId nvarchar(50) NOT NULL,
    Document nvarchar(30) NOT NULL,
    DocumentTypeCode nvarchar(50) NOT NULL,
    FirstName nvarchar(40) NOT NULL,
    LastName nvarchar(40) NOT NULL,
    Email nvarchar(40) NOT NULL,
    SexCode nvarchar(50),
    BirthCityCode nvarchar(15),
    LiveCityCode nvarchar(15),
    CreationDate datetime DEFAULT current_timestamp NOT NULL,
    CreatedBy nvarchar(30) DEFAULT 'SYSTEM' NOT NULL,
    ModificationDate datetime DEFAULT current_timestamp NOT NULL,
    ModifiedBy nvarchar(30) DEFAULT 'SYSTEM' NOT NULL,
    RowStatus nchar(1) DEFAULT 'A' NOT NULL,
    CONSTRAINT PK_General_Person PRIMARY KEY (PersonId),
    CONSTRAINT CK_General_Person_001 CHECK (RowStatus IN ('A', 'I'))
);
